,id,label
0,Akshay Kumar_7.jpg,Akshay Kumar
1,Akshay Kumar_39.jpg,Akshay Kumar
2,Akshay Kumar_21.jpg,Akshay Kumar
3,Akshay Kumar_47.jpg,Akshay Kumar
4,Akshay Kumar_32.jpg,Akshay Kumar
5,Akshay Kumar_25.jpg,Akshay Kumar
6,Akshay Kumar_42.jpg,Akshay Kumar
7,Akshay Kumar_40.jpg,Akshay Kumar
8,Akshay Kumar_4.jpg,Akshay Kumar
9,Akshay Kumar_13.jpg,Akshay Kumar
10,Akshay Kumar_44.jpg,Akshay Kumar
11,Akshay Kumar_30.jpg,Akshay Kumar
12,Akshay Kumar_15.jpg,Akshay Kumar
13,Akshay Kumar_10.jpg,Akshay Kumar
14,Akshay Kumar_6.jpg,Akshay Kumar
15,Akshay Kumar_34.jpg,Akshay Kumar
16,Akshay Kumar_12.jpg,Akshay Kumar
17,Akshay Kumar_3.jpg,Akshay Kumar
18,Akshay Kumar_38.jpg,Akshay Kumar
19,Akshay Kumar_18.jpg,Akshay Kumar
20,Akshay Kumar_8.jpg,Akshay Kumar
21,Akshay Kumar_22.jpg,Akshay Kumar
22,Akshay Kumar_41.jpg,Akshay Kumar
23,Akshay Kumar_28.jpg,Akshay Kumar
24,Akshay Kumar_48.jpg,Akshay Kumar
25,Akshay Kumar_27.jpg,Akshay Kumar
26,Akshay Kumar_17.jpg,Akshay Kumar
27,Akshay Kumar_29.jpg,Akshay Kumar
28,Akshay Kumar_31.jpg,Akshay Kumar
29,Akshay Kumar_37.jpg,Akshay Kumar
30,Akshay Kumar_0.jpg,Akshay Kumar
31,Akshay Kumar_14.jpg,Akshay Kumar
32,Akshay Kumar_46.jpg,Akshay Kumar
33,Akshay Kumar_20.jpg,Akshay Kumar
34,Akshay Kumar_43.jpg,Akshay Kumar
35,Akshay Kumar_23.jpg,Akshay Kumar
36,Akshay Kumar_35.jpg,Akshay Kumar
37,Akshay Kumar_49.jpg,Akshay Kumar
38,Akshay Kumar_1.jpg,Akshay Kumar
39,Akshay Kumar_26.jpg,Akshay Kumar
40,Alexandra Daddario_39.jpg,Alexandra Daddario
41,Alexandra Daddario_41.jpg,Alexandra Daddario
42,Alexandra Daddario_40.jpg,Alexandra Daddario
43,Alexandra Daddario_1.jpg,Alexandra Daddario
44,Alexandra Daddario_66.jpg,Alexandra Daddario
45,Alexandra Daddario_84.jpg,Alexandra Daddario
46,Alexandra Daddario_2.jpg,Alexandra Daddario
47,Alexandra Daddario_13.jpg,Alexandra Daddario
48,Alexandra Daddario_35.jpg,Alexandra Daddario
49,Alexandra Daddario_44.jpg,Alexandra Daddario
50,Alexandra Daddario_0.jpg,Alexandra Daddario
51,Alexandra Daddario_48.jpg,Alexandra Daddario
52,Alexandra Daddario_49.jpg,Alexandra Daddario
53,Alexandra Daddario_69.jpg,Alexandra Daddario
54,Alexandra Daddario_28.jpg,Alexandra Daddario
55,Alexandra Daddario_8.jpg,Alexandra Daddario
56,Alexandra Daddario_33.jpg,Alexandra Daddario
57,Alexandra Daddario_23.jpg,Alexandra Daddario
58,Alexandra Daddario_81.jpg,Alexandra Daddario
59,Alexandra Daddario_77.jpg,Alexandra Daddario
60,Alexandra Daddario_47.jpg,Alexandra Daddario
61,Alexandra Daddario_85.jpg,Alexandra Daddario
62,Alexandra Daddario_76.jpg,Alexandra Daddario
63,Alexandra Daddario_4.jpg,Alexandra Daddario
64,Alexandra Daddario_37.jpg,Alexandra Daddario
65,Alexandra Daddario_29.jpg,Alexandra Daddario
66,Alexandra Daddario_64.jpg,Alexandra Daddario
67,Alexandra Daddario_79.jpg,Alexandra Daddario
68,Alexandra Daddario_82.jpg,Alexandra Daddario
69,Alexandra Daddario_3.jpg,Alexandra Daddario
70,Alexandra Daddario_11.jpg,Alexandra Daddario
71,Alexandra Daddario_20.jpg,Alexandra Daddario
72,Alexandra Daddario_9.jpg,Alexandra Daddario
73,Alexandra Daddario_26.jpg,Alexandra Daddario
74,Alexandra Daddario_87.jpg,Alexandra Daddario
75,Alexandra Daddario_59.jpg,Alexandra Daddario
76,Alexandra Daddario_61.jpg,Alexandra Daddario
77,Alexandra Daddario_91.jpg,Alexandra Daddario
78,Alexandra Daddario_34.jpg,Alexandra Daddario
79,Alexandra Daddario_10.jpg,Alexandra Daddario
80,Alexandra Daddario_6.jpg,Alexandra Daddario
81,Alexandra Daddario_58.jpg,Alexandra Daddario
82,Alexandra Daddario_14.jpg,Alexandra Daddario
83,Alexandra Daddario_46.jpg,Alexandra Daddario
84,Alexandra Daddario_45.jpg,Alexandra Daddario
85,Alexandra Daddario_24.jpg,Alexandra Daddario
86,Alexandra Daddario_36.jpg,Alexandra Daddario
87,Alexandra Daddario_70.jpg,Alexandra Daddario
88,Alexandra Daddario_17.jpg,Alexandra Daddario
89,Alexandra Daddario_89.jpg,Alexandra Daddario
90,Alexandra Daddario_5.jpg,Alexandra Daddario
91,Alexandra Daddario_21.jpg,Alexandra Daddario
92,Alexandra Daddario_30.jpg,Alexandra Daddario
93,Alexandra Daddario_72.jpg,Alexandra Daddario
94,Alexandra Daddario_52.jpg,Alexandra Daddario
95,Alexandra Daddario_38.jpg,Alexandra Daddario
96,Alexandra Daddario_68.jpg,Alexandra Daddario
97,Alexandra Daddario_60.jpg,Alexandra Daddario
98,Alexandra Daddario_80.jpg,Alexandra Daddario
99,Alexandra Daddario_16.jpg,Alexandra Daddario
100,Alexandra Daddario_83.jpg,Alexandra Daddario
101,Alexandra Daddario_18.jpg,Alexandra Daddario
102,Alexandra Daddario_86.jpg,Alexandra Daddario
103,Alexandra Daddario_7.jpg,Alexandra Daddario
104,Alexandra Daddario_55.jpg,Alexandra Daddario
105,Alexandra Daddario_22.jpg,Alexandra Daddario
106,Alexandra Daddario_71.jpg,Alexandra Daddario
107,Alexandra Daddario_54.jpg,Alexandra Daddario
108,Alexandra Daddario_74.jpg,Alexandra Daddario
109,Alexandra Daddario_51.jpg,Alexandra Daddario
110,Alexandra Daddario_88.jpg,Alexandra Daddario
111,Alexandra Daddario_43.jpg,Alexandra Daddario
112,Alexandra Daddario_78.jpg,Alexandra Daddario
113,Alia Bhatt_39.jpg,Alia Bhatt
114,Alia Bhatt_38.jpg,Alia Bhatt
115,Alia Bhatt_34.jpg,Alia Bhatt
116,Alia Bhatt_48.jpg,Alia Bhatt
117,Alia Bhatt_16.jpg,Alia Bhatt
118,Alia Bhatt_45.jpg,Alia Bhatt
119,Alia Bhatt_31.jpg,Alia Bhatt
120,Alia Bhatt_51.jpg,Alia Bhatt
121,Alia Bhatt_55.jpg,Alia Bhatt
122,Alia Bhatt_28.jpg,Alia Bhatt
123,Alia Bhatt_3.jpg,Alia Bhatt
124,Alia Bhatt_11.jpg,Alia Bhatt
125,Alia Bhatt_37.jpg,Alia Bhatt
126,Alia Bhatt_10.jpg,Alia Bhatt
127,Alia Bhatt_59.jpg,Alia Bhatt
128,Alia Bhatt_58.jpg,Alia Bhatt
129,Alia Bhatt_27.jpg,Alia Bhatt
130,Alia Bhatt_0.jpg,Alia Bhatt
131,Alia Bhatt_23.jpg,Alia Bhatt
132,Alia Bhatt_78.jpg,Alia Bhatt
133,Alia Bhatt_57.jpg,Alia Bhatt
134,Alia Bhatt_40.jpg,Alia Bhatt
135,Alia Bhatt_72.jpg,Alia Bhatt
136,Alia Bhatt_6.jpg,Alia Bhatt
137,Alia Bhatt_44.jpg,Alia Bhatt
138,Alia Bhatt_4.jpg,Alia Bhatt
139,Alia Bhatt_56.jpg,Alia Bhatt
140,Alia Bhatt_68.jpg,Alia Bhatt
141,Alia Bhatt_2.jpg,Alia Bhatt
142,Alia Bhatt_69.jpg,Alia Bhatt
143,Alia Bhatt_35.jpg,Alia Bhatt
144,Alia Bhatt_9.jpg,Alia Bhatt
145,Alia Bhatt_66.jpg,Alia Bhatt
146,Alia Bhatt_47.jpg,Alia Bhatt
147,Alia Bhatt_53.jpg,Alia Bhatt
148,Alia Bhatt_30.jpg,Alia Bhatt
149,Alia Bhatt_41.jpg,Alia Bhatt
150,Alia Bhatt_26.jpg,Alia Bhatt
151,Alia Bhatt_60.jpg,Alia Bhatt
152,Alia Bhatt_71.jpg,Alia Bhatt
153,Alia Bhatt_43.jpg,Alia Bhatt
154,Alia Bhatt_15.jpg,Alia Bhatt
155,Alia Bhatt_21.jpg,Alia Bhatt
156,Alia Bhatt_8.jpg,Alia Bhatt
157,Alia Bhatt_63.jpg,Alia Bhatt
158,Alia Bhatt_70.jpg,Alia Bhatt
159,Alia Bhatt_22.jpg,Alia Bhatt
160,Alia Bhatt_64.jpg,Alia Bhatt
161,Alia Bhatt_24.jpg,Alia Bhatt
162,Alia Bhatt_13.jpg,Alia Bhatt
163,Alia Bhatt_5.jpg,Alia Bhatt
164,Alia Bhatt_19.jpg,Alia Bhatt
165,Alia Bhatt_46.jpg,Alia Bhatt
166,Alia Bhatt_42.jpg,Alia Bhatt
167,Alia Bhatt_12.jpg,Alia Bhatt
168,Alia Bhatt_33.jpg,Alia Bhatt
169,Alia Bhatt_54.jpg,Alia Bhatt
170,Alia Bhatt_32.jpg,Alia Bhatt
171,Alia Bhatt_61.jpg,Alia Bhatt
172,Alia Bhatt_52.jpg,Alia Bhatt
173,Alia Bhatt_1.jpg,Alia Bhatt
174,Alia Bhatt_20.jpg,Alia Bhatt
175,Alia Bhatt_29.jpg,Alia Bhatt
176,Amitabh Bachchan_66.jpg,Amitabh Bachchan
177,Amitabh Bachchan_47.jpg,Amitabh Bachchan
178,Amitabh Bachchan_44.jpg,Amitabh Bachchan
179,Amitabh Bachchan_62.jpg,Amitabh Bachchan
180,Amitabh Bachchan_59.jpg,Amitabh Bachchan
181,Amitabh Bachchan_39.jpg,Amitabh Bachchan
182,Amitabh Bachchan_42.jpg,Amitabh Bachchan
183,Amitabh Bachchan_12.jpg,Amitabh Bachchan
184,Amitabh Bachchan_70.jpg,Amitabh Bachchan
185,Amitabh Bachchan_24.jpg,Amitabh Bachchan
186,Amitabh Bachchan_21.jpg,Amitabh Bachchan
187,Amitabh Bachchan_25.jpg,Amitabh Bachchan
188,Amitabh Bachchan_27.jpg,Amitabh Bachchan
189,Amitabh Bachchan_29.jpg,Amitabh Bachchan
190,Amitabh Bachchan_72.jpg,Amitabh Bachchan
191,Amitabh Bachchan_55.jpg,Amitabh Bachchan
192,Amitabh Bachchan_2.jpg,Amitabh Bachchan
193,Amitabh Bachchan_50.jpg,Amitabh Bachchan
194,Amitabh Bachchan_45.jpg,Amitabh Bachchan
195,Amitabh Bachchan_40.jpg,Amitabh Bachchan
196,Amitabh Bachchan_10.jpg,Amitabh Bachchan
197,Amitabh Bachchan_28.jpg,Amitabh Bachchan
198,Amitabh Bachchan_4.jpg,Amitabh Bachchan
199,Amitabh Bachchan_53.jpg,Amitabh Bachchan
200,Amitabh Bachchan_18.jpg,Amitabh Bachchan
201,Amitabh Bachchan_35.jpg,Amitabh Bachchan
202,Amitabh Bachchan_71.jpg,Amitabh Bachchan
203,Amitabh Bachchan_56.jpg,Amitabh Bachchan
204,Amitabh Bachchan_46.jpg,Amitabh Bachchan
205,Amitabh Bachchan_0.jpg,Amitabh Bachchan
206,Amitabh Bachchan_5.jpg,Amitabh Bachchan
207,Amitabh Bachchan_64.jpg,Amitabh Bachchan
208,Amitabh Bachchan_8.jpg,Amitabh Bachchan
209,Amitabh Bachchan_61.jpg,Amitabh Bachchan
210,Amitabh Bachchan_43.jpg,Amitabh Bachchan
211,Amitabh Bachchan_41.jpg,Amitabh Bachchan
212,Amitabh Bachchan_60.jpg,Amitabh Bachchan
213,Amitabh Bachchan_30.jpg,Amitabh Bachchan
214,Amitabh Bachchan_23.jpg,Amitabh Bachchan
215,Amitabh Bachchan_16.jpg,Amitabh Bachchan
216,Amitabh Bachchan_17.jpg,Amitabh Bachchan
217,Amitabh Bachchan_73.jpg,Amitabh Bachchan
218,Amitabh Bachchan_26.jpg,Amitabh Bachchan
219,Amitabh Bachchan_68.jpg,Amitabh Bachchan
220,Amitabh Bachchan_7.jpg,Amitabh Bachchan
221,Amitabh Bachchan_58.jpg,Amitabh Bachchan
222,Amitabh Bachchan_54.jpg,Amitabh Bachchan
223,Amitabh Bachchan_49.jpg,Amitabh Bachchan
224,Amitabh Bachchan_31.jpg,Amitabh Bachchan
225,Amitabh Bachchan_33.jpg,Amitabh Bachchan
226,Amitabh Bachchan_32.jpg,Amitabh Bachchan
227,Amitabh Bachchan_9.jpg,Amitabh Bachchan
228,Amitabh Bachchan_63.jpg,Amitabh Bachchan
229,Amitabh Bachchan_37.jpg,Amitabh Bachchan
230,Amitabh Bachchan_38.jpg,Amitabh Bachchan
231,Amitabh Bachchan_51.jpg,Amitabh Bachchan
232,Amitabh Bachchan_20.jpg,Amitabh Bachchan
233,Amitabh Bachchan_52.jpg,Amitabh Bachchan
234,Amitabh Bachchan_67.jpg,Amitabh Bachchan
235,Andy Samberg_25.jpg,Andy Samberg
236,Andy Samberg_91.jpg,Andy Samberg
237,Andy Samberg_4.jpg,Andy Samberg
238,Andy Samberg_32.jpg,Andy Samberg
239,Andy Samberg_86.jpg,Andy Samberg
240,Andy Samberg_54.jpg,Andy Samberg
241,Andy Samberg_15.jpg,Andy Samberg
242,Andy Samberg_37.jpg,Andy Samberg
243,Andy Samberg_46.jpg,Andy Samberg
244,Andy Samberg_79.jpg,Andy Samberg
245,Andy Samberg_64.jpg,Andy Samberg
246,Andy Samberg_11.jpg,Andy Samberg
247,Andy Samberg_26.jpg,Andy Samberg
248,Andy Samberg_65.jpg,Andy Samberg
249,Andy Samberg_23.jpg,Andy Samberg
250,Andy Samberg_53.jpg,Andy Samberg
251,Andy Samberg_38.jpg,Andy Samberg
252,Andy Samberg_48.jpg,Andy Samberg
253,Andy Samberg_40.jpg,Andy Samberg
254,Andy Samberg_77.jpg,Andy Samberg
255,Andy Samberg_90.jpg,Andy Samberg
256,Andy Samberg_62.jpg,Andy Samberg
257,Andy Samberg_51.jpg,Andy Samberg
258,Andy Samberg_16.jpg,Andy Samberg
259,Andy Samberg_20.jpg,Andy Samberg
260,Andy Samberg_52.jpg,Andy Samberg
261,Andy Samberg_1.jpg,Andy Samberg
262,Andy Samberg_76.jpg,Andy Samberg
263,Andy Samberg_82.jpg,Andy Samberg
264,Andy Samberg_75.jpg,Andy Samberg
265,Andy Samberg_17.jpg,Andy Samberg
266,Andy Samberg_6.jpg,Andy Samberg
267,Andy Samberg_70.jpg,Andy Samberg
268,Andy Samberg_27.jpg,Andy Samberg
269,Andy Samberg_21.jpg,Andy Samberg
270,Andy Samberg_68.jpg,Andy Samberg
271,Andy Samberg_44.jpg,Andy Samberg
272,Andy Samberg_61.jpg,Andy Samberg
273,Andy Samberg_88.jpg,Andy Samberg
274,Andy Samberg_63.jpg,Andy Samberg
275,Andy Samberg_50.jpg,Andy Samberg
276,Andy Samberg_71.jpg,Andy Samberg
277,Andy Samberg_74.jpg,Andy Samberg
278,Andy Samberg_66.jpg,Andy Samberg
279,Andy Samberg_67.jpg,Andy Samberg
280,Andy Samberg_59.jpg,Andy Samberg
281,Andy Samberg_43.jpg,Andy Samberg
282,Andy Samberg_5.jpg,Andy Samberg
283,Andy Samberg_19.jpg,Andy Samberg
284,Andy Samberg_22.jpg,Andy Samberg
285,Andy Samberg_85.jpg,Andy Samberg
286,Andy Samberg_47.jpg,Andy Samberg
287,Andy Samberg_30.jpg,Andy Samberg
288,Andy Samberg_2.jpg,Andy Samberg
289,Andy Samberg_14.jpg,Andy Samberg
290,Andy Samberg_7.jpg,Andy Samberg
291,Andy Samberg_10.jpg,Andy Samberg
292,Andy Samberg_72.jpg,Andy Samberg
293,Andy Samberg_57.jpg,Andy Samberg
294,Andy Samberg_83.jpg,Andy Samberg
295,Andy Samberg_81.jpg,Andy Samberg
296,Andy Samberg_55.jpg,Andy Samberg
297,Andy Samberg_33.jpg,Andy Samberg
298,Andy Samberg_36.jpg,Andy Samberg
299,Andy Samberg_13.jpg,Andy Samberg
300,Andy Samberg_89.jpg,Andy Samberg
301,Andy Samberg_45.jpg,Andy Samberg
302,Andy Samberg_42.jpg,Andy Samberg
303,Andy Samberg_84.jpg,Andy Samberg
304,Andy Samberg_39.jpg,Andy Samberg
305,Andy Samberg_0.jpg,Andy Samberg
306,Andy Samberg_49.jpg,Andy Samberg
307,Andy Samberg_18.jpg,Andy Samberg
308,Anushka Sharma_64.jpg,Anushka Sharma
309,Anushka Sharma_67.jpg,Anushka Sharma
310,Anushka Sharma_27.jpg,Anushka Sharma
311,Anushka Sharma_54.jpg,Anushka Sharma
312,Anushka Sharma_45.jpg,Anushka Sharma
313,Anushka Sharma_5.jpg,Anushka Sharma
314,Anushka Sharma_37.jpg,Anushka Sharma
315,Anushka Sharma_39.jpg,Anushka Sharma
316,Anushka Sharma_33.jpg,Anushka Sharma
317,Anushka Sharma_46.jpg,Anushka Sharma
318,Anushka Sharma_6.jpg,Anushka Sharma
319,Anushka Sharma_19.jpg,Anushka Sharma
320,Anushka Sharma_23.jpg,Anushka Sharma
321,Anushka Sharma_38.jpg,Anushka Sharma
322,Anushka Sharma_65.jpg,Anushka Sharma
323,Anushka Sharma_24.jpg,Anushka Sharma
324,Anushka Sharma_40.jpg,Anushka Sharma
325,Anushka Sharma_3.jpg,Anushka Sharma
326,Anushka Sharma_8.jpg,Anushka Sharma
327,Anushka Sharma_20.jpg,Anushka Sharma
328,Anushka Sharma_47.jpg,Anushka Sharma
329,Anushka Sharma_51.jpg,Anushka Sharma
330,Anushka Sharma_49.jpg,Anushka Sharma
331,Anushka Sharma_22.jpg,Anushka Sharma
332,Anushka Sharma_48.jpg,Anushka Sharma
333,Anushka Sharma_28.jpg,Anushka Sharma
334,Anushka Sharma_52.jpg,Anushka Sharma
335,Anushka Sharma_57.jpg,Anushka Sharma
336,Anushka Sharma_35.jpg,Anushka Sharma
337,Anushka Sharma_18.jpg,Anushka Sharma
338,Anushka Sharma_50.jpg,Anushka Sharma
339,Anushka Sharma_0.jpg,Anushka Sharma
340,Anushka Sharma_34.jpg,Anushka Sharma
341,Anushka Sharma_25.jpg,Anushka Sharma
342,Anushka Sharma_55.jpg,Anushka Sharma
343,Anushka Sharma_16.jpg,Anushka Sharma
344,Anushka Sharma_21.jpg,Anushka Sharma
345,Anushka Sharma_36.jpg,Anushka Sharma
346,Anushka Sharma_58.jpg,Anushka Sharma
347,Anushka Sharma_9.jpg,Anushka Sharma
348,Anushka Sharma_61.jpg,Anushka Sharma
349,Anushka Sharma_14.jpg,Anushka Sharma
350,Anushka Sharma_17.jpg,Anushka Sharma
351,Anushka Sharma_29.jpg,Anushka Sharma
352,Anushka Sharma_53.jpg,Anushka Sharma
353,Anushka Sharma_60.jpg,Anushka Sharma
354,Anushka Sharma_32.jpg,Anushka Sharma
355,Anushka Sharma_1.jpg,Anushka Sharma
356,Anushka Sharma_44.jpg,Anushka Sharma
357,Anushka Sharma_26.jpg,Anushka Sharma
358,Anushka Sharma_66.jpg,Anushka Sharma
359,Anushka Sharma_13.jpg,Anushka Sharma
360,Anushka Sharma_42.jpg,Anushka Sharma
361,Anushka Sharma_11.jpg,Anushka Sharma
362,Billie Eilish_34.jpg,Billie Eilish
363,Billie Eilish_88.jpg,Billie Eilish
364,Billie Eilish_17.jpg,Billie Eilish
365,Billie Eilish_91.jpg,Billie Eilish
366,Billie Eilish_54.jpg,Billie Eilish
367,Billie Eilish_32.jpg,Billie Eilish
368,Billie Eilish_48.jpg,Billie Eilish
369,Billie Eilish_19.jpg,Billie Eilish
370,Billie Eilish_49.jpg,Billie Eilish
371,Billie Eilish_50.jpg,Billie Eilish
372,Billie Eilish_2.jpg,Billie Eilish
373,Billie Eilish_59.jpg,Billie Eilish
374,Billie Eilish_71.jpg,Billie Eilish
375,Billie Eilish_42.jpg,Billie Eilish
376,Billie Eilish_68.jpg,Billie Eilish
377,Billie Eilish_76.jpg,Billie Eilish
378,Billie Eilish_30.jpg,Billie Eilish
379,Billie Eilish_94.jpg,Billie Eilish
380,Billie Eilish_82.jpg,Billie Eilish
381,Billie Eilish_65.jpg,Billie Eilish
382,Billie Eilish_57.jpg,Billie Eilish
383,Billie Eilish_92.jpg,Billie Eilish
384,Billie Eilish_11.jpg,Billie Eilish
385,Billie Eilish_84.jpg,Billie Eilish
386,Billie Eilish_7.jpg,Billie Eilish
387,Billie Eilish_36.jpg,Billie Eilish
388,Billie Eilish_69.jpg,Billie Eilish
389,Billie Eilish_55.jpg,Billie Eilish
390,Billie Eilish_41.jpg,Billie Eilish
391,Billie Eilish_9.jpg,Billie Eilish
392,Billie Eilish_21.jpg,Billie Eilish
393,Billie Eilish_52.jpg,Billie Eilish
394,Billie Eilish_3.jpg,Billie Eilish
395,Billie Eilish_44.jpg,Billie Eilish
396,Billie Eilish_6.jpg,Billie Eilish
397,Billie Eilish_96.jpg,Billie Eilish
398,Billie Eilish_56.jpg,Billie Eilish
399,Billie Eilish_5.jpg,Billie Eilish
400,Billie Eilish_23.jpg,Billie Eilish
401,Billie Eilish_61.jpg,Billie Eilish
402,Billie Eilish_75.jpg,Billie Eilish
403,Billie Eilish_15.jpg,Billie Eilish
404,Billie Eilish_38.jpg,Billie Eilish
405,Billie Eilish_29.jpg,Billie Eilish
406,Billie Eilish_85.jpg,Billie Eilish
407,Billie Eilish_97.jpg,Billie Eilish
408,Billie Eilish_86.jpg,Billie Eilish
409,Billie Eilish_66.jpg,Billie Eilish
410,Billie Eilish_13.jpg,Billie Eilish
411,Billie Eilish_74.jpg,Billie Eilish
412,Billie Eilish_93.jpg,Billie Eilish
413,Billie Eilish_43.jpg,Billie Eilish
414,Billie Eilish_26.jpg,Billie Eilish
415,Billie Eilish_12.jpg,Billie Eilish
416,Billie Eilish_90.jpg,Billie Eilish
417,Billie Eilish_37.jpg,Billie Eilish
418,Billie Eilish_51.jpg,Billie Eilish
419,Billie Eilish_27.jpg,Billie Eilish
420,Billie Eilish_22.jpg,Billie Eilish
421,Billie Eilish_24.jpg,Billie Eilish
422,Billie Eilish_67.jpg,Billie Eilish
423,Billie Eilish_46.jpg,Billie Eilish
424,Billie Eilish_28.jpg,Billie Eilish
425,Billie Eilish_73.jpg,Billie Eilish
426,Billie Eilish_25.jpg,Billie Eilish
427,Billie Eilish_78.jpg,Billie Eilish
428,Billie Eilish_45.jpg,Billie Eilish
429,Billie Eilish_87.jpg,Billie Eilish
430,Billie Eilish_83.jpg,Billie Eilish
431,Billie Eilish_81.jpg,Billie Eilish
432,Billie Eilish_10.jpg,Billie Eilish
433,Billie Eilish_95.jpg,Billie Eilish
434,Billie Eilish_58.jpg,Billie Eilish
435,Billie Eilish_0.jpg,Billie Eilish
436,Billie Eilish_70.jpg,Billie Eilish
437,Billie Eilish_35.jpg,Billie Eilish
438,Billie Eilish_18.jpg,Billie Eilish
439,Billie Eilish_80.jpg,Billie Eilish
440,Brad Pitt_7.jpg,Brad Pitt
441,Brad Pitt_78.jpg,Brad Pitt
442,Brad Pitt_19.jpg,Brad Pitt
443,Brad Pitt_80.jpg,Brad Pitt
444,Brad Pitt_79.jpg,Brad Pitt
445,Brad Pitt_57.jpg,Brad Pitt
446,Brad Pitt_113.jpg,Brad Pitt
447,Brad Pitt_70.jpg,Brad Pitt
448,Brad Pitt_20.jpg,Brad Pitt
449,Brad Pitt_61.jpg,Brad Pitt
450,Brad Pitt_95.jpg,Brad Pitt
451,Brad Pitt_15.jpg,Brad Pitt
452,Brad Pitt_97.jpg,Brad Pitt
453,Brad Pitt_81.jpg,Brad Pitt
454,Brad Pitt_65.jpg,Brad Pitt
455,Brad Pitt_83.jpg,Brad Pitt
456,Brad Pitt_39.jpg,Brad Pitt
457,Brad Pitt_68.jpg,Brad Pitt
458,Brad Pitt_94.jpg,Brad Pitt
459,Brad Pitt_88.jpg,Brad Pitt
460,Brad Pitt_51.jpg,Brad Pitt
461,Brad Pitt_109.jpg,Brad Pitt
462,Brad Pitt_84.jpg,Brad Pitt
463,Brad Pitt_52.jpg,Brad Pitt
464,Brad Pitt_26.jpg,Brad Pitt
465,Brad Pitt_13.jpg,Brad Pitt
466,Brad Pitt_50.jpg,Brad Pitt
467,Brad Pitt_63.jpg,Brad Pitt
468,Brad Pitt_73.jpg,Brad Pitt
469,Brad Pitt_72.jpg,Brad Pitt
470,Brad Pitt_47.jpg,Brad Pitt
471,Brad Pitt_101.jpg,Brad Pitt
472,Brad Pitt_25.jpg,Brad Pitt
473,Brad Pitt_32.jpg,Brad Pitt
474,Brad Pitt_16.jpg,Brad Pitt
475,Brad Pitt_45.jpg,Brad Pitt
476,Brad Pitt_64.jpg,Brad Pitt
477,Brad Pitt_99.jpg,Brad Pitt
478,Brad Pitt_71.jpg,Brad Pitt
479,Brad Pitt_82.jpg,Brad Pitt
480,Brad Pitt_14.jpg,Brad Pitt
481,Brad Pitt_54.jpg,Brad Pitt
482,Brad Pitt_90.jpg,Brad Pitt
483,Brad Pitt_85.jpg,Brad Pitt
484,Brad Pitt_6.jpg,Brad Pitt
485,Brad Pitt_35.jpg,Brad Pitt
486,Brad Pitt_119.jpg,Brad Pitt
487,Brad Pitt_31.jpg,Brad Pitt
488,Brad Pitt_1.jpg,Brad Pitt
489,Brad Pitt_67.jpg,Brad Pitt
490,Brad Pitt_74.jpg,Brad Pitt
491,Brad Pitt_46.jpg,Brad Pitt
492,Brad Pitt_98.jpg,Brad Pitt
493,Brad Pitt_56.jpg,Brad Pitt
494,Brad Pitt_10.jpg,Brad Pitt
495,Brad Pitt_117.jpg,Brad Pitt
496,Brad Pitt_76.jpg,Brad Pitt
497,Brad Pitt_55.jpg,Brad Pitt
498,Brad Pitt_111.jpg,Brad Pitt
499,Brad Pitt_9.jpg,Brad Pitt
500,Brad Pitt_22.jpg,Brad Pitt
501,Brad Pitt_53.jpg,Brad Pitt
502,Brad Pitt_107.jpg,Brad Pitt
503,Brad Pitt_75.jpg,Brad Pitt
504,Brad Pitt_89.jpg,Brad Pitt
505,Brad Pitt_30.jpg,Brad Pitt
506,Brad Pitt_44.jpg,Brad Pitt
507,Brad Pitt_5.jpg,Brad Pitt
508,Brad Pitt_40.jpg,Brad Pitt
509,Brad Pitt_91.jpg,Brad Pitt
510,Brad Pitt_116.jpg,Brad Pitt
511,Brad Pitt_49.jpg,Brad Pitt
512,Brad Pitt_4.jpg,Brad Pitt
513,Brad Pitt_28.jpg,Brad Pitt
514,Brad Pitt_86.jpg,Brad Pitt
515,Brad Pitt_18.jpg,Brad Pitt
516,Brad Pitt_58.jpg,Brad Pitt
517,Brad Pitt_60.jpg,Brad Pitt
518,Brad Pitt_104.jpg,Brad Pitt
519,Brad Pitt_27.jpg,Brad Pitt
520,Brad Pitt_43.jpg,Brad Pitt
521,Brad Pitt_69.jpg,Brad Pitt
522,Brad Pitt_93.jpg,Brad Pitt
523,Brad Pitt_0.jpg,Brad Pitt
524,Brad Pitt_36.jpg,Brad Pitt
525,Brad Pitt_66.jpg,Brad Pitt
526,Brad Pitt_42.jpg,Brad Pitt
527,Brad Pitt_92.jpg,Brad Pitt
528,Brad Pitt_34.jpg,Brad Pitt
529,Brad Pitt_112.jpg,Brad Pitt
530,Brad Pitt_77.jpg,Brad Pitt
531,Brad Pitt_11.jpg,Brad Pitt
532,Brad Pitt_96.jpg,Brad Pitt
533,Brad Pitt_33.jpg,Brad Pitt
534,Brad Pitt_114.jpg,Brad Pitt
535,Brad Pitt_24.jpg,Brad Pitt
536,Camila Cabello_59.jpg,Camila Cabello
537,Camila Cabello_39.jpg,Camila Cabello
538,Camila Cabello_12.jpg,Camila Cabello
539,Camila Cabello_33.jpg,Camila Cabello
540,Camila Cabello_48.jpg,Camila Cabello
541,Camila Cabello_82.jpg,Camila Cabello
542,Camila Cabello_65.jpg,Camila Cabello
543,Camila Cabello_68.jpg,Camila Cabello
544,Camila Cabello_79.jpg,Camila Cabello
545,Camila Cabello_36.jpg,Camila Cabello
546,Camila Cabello_19.jpg,Camila Cabello
547,Camila Cabello_70.jpg,Camila Cabello
548,Camila Cabello_11.jpg,Camila Cabello
549,Camila Cabello_49.jpg,Camila Cabello
550,Camila Cabello_1.jpg,Camila Cabello
551,Camila Cabello_50.jpg,Camila Cabello
552,Camila Cabello_23.jpg,Camila Cabello
553,Camila Cabello_54.jpg,Camila Cabello
554,Camila Cabello_62.jpg,Camila Cabello
555,Camila Cabello_67.jpg,Camila Cabello
556,Camila Cabello_78.jpg,Camila Cabello
557,Camila Cabello_83.jpg,Camila Cabello
558,Camila Cabello_71.jpg,Camila Cabello
559,Camila Cabello_38.jpg,Camila Cabello
560,Camila Cabello_60.jpg,Camila Cabello
561,Camila Cabello_26.jpg,Camila Cabello
562,Camila Cabello_13.jpg,Camila Cabello
563,Camila Cabello_16.jpg,Camila Cabello
564,Camila Cabello_30.jpg,Camila Cabello
565,Camila Cabello_9.jpg,Camila Cabello
566,Camila Cabello_42.jpg,Camila Cabello
567,Camila Cabello_80.jpg,Camila Cabello
568,Camila Cabello_6.jpg,Camila Cabello
569,Camila Cabello_44.jpg,Camila Cabello
570,Camila Cabello_63.jpg,Camila Cabello
571,Camila Cabello_46.jpg,Camila Cabello
572,Camila Cabello_66.jpg,Camila Cabello
573,Camila Cabello_52.jpg,Camila Cabello
574,Camila Cabello_0.jpg,Camila Cabello
575,Camila Cabello_5.jpg,Camila Cabello
576,Camila Cabello_7.jpg,Camila Cabello
577,Camila Cabello_75.jpg,Camila Cabello
578,Camila Cabello_57.jpg,Camila Cabello
579,Camila Cabello_10.jpg,Camila Cabello
580,Camila Cabello_4.jpg,Camila Cabello
581,Camila Cabello_31.jpg,Camila Cabello
582,Camila Cabello_28.jpg,Camila Cabello
583,Camila Cabello_37.jpg,Camila Cabello
584,Camila Cabello_55.jpg,Camila Cabello
585,Camila Cabello_41.jpg,Camila Cabello
586,Camila Cabello_35.jpg,Camila Cabello
587,Camila Cabello_73.jpg,Camila Cabello
588,Camila Cabello_32.jpg,Camila Cabello
589,Camila Cabello_47.jpg,Camila Cabello
590,Camila Cabello_72.jpg,Camila Cabello
591,Camila Cabello_17.jpg,Camila Cabello
592,Camila Cabello_34.jpg,Camila Cabello
593,Camila Cabello_8.jpg,Camila Cabello
594,Camila Cabello_86.jpg,Camila Cabello
595,Camila Cabello_77.jpg,Camila Cabello
596,Camila Cabello_45.jpg,Camila Cabello
597,Camila Cabello_85.jpg,Camila Cabello
598,Camila Cabello_24.jpg,Camila Cabello
599,Camila Cabello_15.jpg,Camila Cabello
600,Camila Cabello_18.jpg,Camila Cabello
601,Camila Cabello_61.jpg,Camila Cabello
602,Camila Cabello_40.jpg,Camila Cabello
603,Camila Cabello_43.jpg,Camila Cabello
604,Camila Cabello_64.jpg,Camila Cabello
605,Charlize Theron_32.jpg,Charlize Theron
606,Charlize Theron_15.jpg,Charlize Theron
607,Charlize Theron_33.jpg,Charlize Theron
608,Charlize Theron_34.jpg,Charlize Theron
609,Charlize Theron_7.jpg,Charlize Theron
610,Charlize Theron_16.jpg,Charlize Theron
611,Charlize Theron_25.jpg,Charlize Theron
612,Charlize Theron_17.jpg,Charlize Theron
613,Charlize Theron_65.jpg,Charlize Theron
614,Charlize Theron_8.jpg,Charlize Theron
615,Charlize Theron_66.jpg,Charlize Theron
616,Charlize Theron_68.jpg,Charlize Theron
617,Charlize Theron_71.jpg,Charlize Theron
618,Charlize Theron_4.jpg,Charlize Theron
619,Charlize Theron_49.jpg,Charlize Theron
620,Charlize Theron_51.jpg,Charlize Theron
621,Charlize Theron_50.jpg,Charlize Theron
622,Charlize Theron_10.jpg,Charlize Theron
623,Charlize Theron_38.jpg,Charlize Theron
624,Charlize Theron_62.jpg,Charlize Theron
625,Charlize Theron_41.jpg,Charlize Theron
626,Charlize Theron_53.jpg,Charlize Theron
627,Charlize Theron_56.jpg,Charlize Theron
628,Charlize Theron_19.jpg,Charlize Theron
629,Charlize Theron_63.jpg,Charlize Theron
630,Charlize Theron_70.jpg,Charlize Theron
631,Charlize Theron_36.jpg,Charlize Theron
632,Charlize Theron_6.jpg,Charlize Theron
633,Charlize Theron_30.jpg,Charlize Theron
634,Charlize Theron_64.jpg,Charlize Theron
635,Charlize Theron_18.jpg,Charlize Theron
636,Charlize Theron_12.jpg,Charlize Theron
637,Charlize Theron_73.jpg,Charlize Theron
638,Charlize Theron_54.jpg,Charlize Theron
639,Charlize Theron_21.jpg,Charlize Theron
640,Charlize Theron_60.jpg,Charlize Theron
641,Charlize Theron_29.jpg,Charlize Theron
642,Charlize Theron_22.jpg,Charlize Theron
643,Charlize Theron_76.jpg,Charlize Theron
644,Charlize Theron_1.jpg,Charlize Theron
645,Charlize Theron_14.jpg,Charlize Theron
646,Charlize Theron_28.jpg,Charlize Theron
647,Charlize Theron_5.jpg,Charlize Theron
648,Charlize Theron_47.jpg,Charlize Theron
649,Charlize Theron_26.jpg,Charlize Theron
650,Charlize Theron_13.jpg,Charlize Theron
651,Charlize Theron_46.jpg,Charlize Theron
652,Charlize Theron_45.jpg,Charlize Theron
653,Charlize Theron_24.jpg,Charlize Theron
654,Charlize Theron_55.jpg,Charlize Theron
655,Charlize Theron_67.jpg,Charlize Theron
656,Charlize Theron_75.jpg,Charlize Theron
657,Charlize Theron_58.jpg,Charlize Theron
658,Charlize Theron_35.jpg,Charlize Theron
659,Charlize Theron_74.jpg,Charlize Theron
660,Charlize Theron_52.jpg,Charlize Theron
661,Charlize Theron_2.jpg,Charlize Theron
662,Charlize Theron_37.jpg,Charlize Theron
663,Charlize Theron_42.jpg,Charlize Theron
664,Charlize Theron_9.jpg,Charlize Theron
665,Charlize Theron_48.jpg,Charlize Theron
666,Charlize Theron_44.jpg,Charlize Theron
667,Claire Holt_88.jpg,Claire Holt
668,Claire Holt_14.jpg,Claire Holt
669,Claire Holt_56.jpg,Claire Holt
670,Claire Holt_43.jpg,Claire Holt
671,Claire Holt_33.jpg,Claire Holt
672,Claire Holt_69.jpg,Claire Holt
673,Claire Holt_40.jpg,Claire Holt
674,Claire Holt_29.jpg,Claire Holt
675,Claire Holt_50.jpg,Claire Holt
676,Claire Holt_36.jpg,Claire Holt
677,Claire Holt_62.jpg,Claire Holt
678,Claire Holt_6.jpg,Claire Holt
679,Claire Holt_61.jpg,Claire Holt
680,Claire Holt_23.jpg,Claire Holt
681,Claire Holt_18.jpg,Claire Holt
682,Claire Holt_71.jpg,Claire Holt
683,Claire Holt_3.jpg,Claire Holt
684,Claire Holt_32.jpg,Claire Holt
685,Claire Holt_16.jpg,Claire Holt
686,Claire Holt_72.jpg,Claire Holt
687,Claire Holt_92.jpg,Claire Holt
688,Claire Holt_66.jpg,Claire Holt
689,Claire Holt_19.jpg,Claire Holt
690,Claire Holt_58.jpg,Claire Holt
691,Claire Holt_54.jpg,Claire Holt
692,Claire Holt_26.jpg,Claire Holt
693,Claire Holt_48.jpg,Claire Holt
694,Claire Holt_77.jpg,Claire Holt
695,Claire Holt_79.jpg,Claire Holt
696,Claire Holt_34.jpg,Claire Holt
697,Claire Holt_22.jpg,Claire Holt
698,Claire Holt_74.jpg,Claire Holt
699,Claire Holt_28.jpg,Claire Holt
700,Claire Holt_5.jpg,Claire Holt
701,Claire Holt_76.jpg,Claire Holt
702,Claire Holt_73.jpg,Claire Holt
703,Claire Holt_89.jpg,Claire Holt
704,Claire Holt_52.jpg,Claire Holt
705,Claire Holt_41.jpg,Claire Holt
706,Claire Holt_42.jpg,Claire Holt
707,Claire Holt_68.jpg,Claire Holt
708,Claire Holt_30.jpg,Claire Holt
709,Claire Holt_44.jpg,Claire Holt
710,Claire Holt_85.jpg,Claire Holt
711,Claire Holt_51.jpg,Claire Holt
712,Claire Holt_91.jpg,Claire Holt
713,Claire Holt_4.jpg,Claire Holt
714,Claire Holt_65.jpg,Claire Holt
715,Claire Holt_87.jpg,Claire Holt
716,Claire Holt_37.jpg,Claire Holt
717,Claire Holt_86.jpg,Claire Holt
718,Claire Holt_78.jpg,Claire Holt
719,Claire Holt_38.jpg,Claire Holt
720,Claire Holt_45.jpg,Claire Holt
721,Claire Holt_27.jpg,Claire Holt
722,Claire Holt_11.jpg,Claire Holt
723,Claire Holt_47.jpg,Claire Holt
724,Claire Holt_49.jpg,Claire Holt
725,Claire Holt_95.jpg,Claire Holt
726,Claire Holt_75.jpg,Claire Holt
727,Claire Holt_70.jpg,Claire Holt
728,Claire Holt_84.jpg,Claire Holt
729,Claire Holt_24.jpg,Claire Holt
730,Claire Holt_63.jpg,Claire Holt
731,Claire Holt_80.jpg,Claire Holt
732,Claire Holt_67.jpg,Claire Holt
733,Claire Holt_81.jpg,Claire Holt
734,Claire Holt_9.jpg,Claire Holt
735,Claire Holt_94.jpg,Claire Holt
736,Claire Holt_20.jpg,Claire Holt
737,Claire Holt_15.jpg,Claire Holt
738,Claire Holt_31.jpg,Claire Holt
739,Claire Holt_17.jpg,Claire Holt
740,Claire Holt_82.jpg,Claire Holt
741,Claire Holt_7.jpg,Claire Holt
742,Claire Holt_59.jpg,Claire Holt
743,Courtney Cox_47.jpg,Courtney Cox
744,Courtney Cox_37.jpg,Courtney Cox
745,Courtney Cox_5.jpg,Courtney Cox
746,Courtney Cox_6.jpg,Courtney Cox
747,Courtney Cox_38.jpg,Courtney Cox
748,Courtney Cox_17.jpg,Courtney Cox
749,Courtney Cox_24.jpg,Courtney Cox
750,Courtney Cox_28.jpg,Courtney Cox
751,Courtney Cox_74.jpg,Courtney Cox
752,Courtney Cox_33.jpg,Courtney Cox
753,Courtney Cox_39.jpg,Courtney Cox
754,Courtney Cox_26.jpg,Courtney Cox
755,Courtney Cox_73.jpg,Courtney Cox
756,Courtney Cox_2.jpg,Courtney Cox
757,Courtney Cox_27.jpg,Courtney Cox
758,Courtney Cox_67.jpg,Courtney Cox
759,Courtney Cox_55.jpg,Courtney Cox
760,Courtney Cox_20.jpg,Courtney Cox
761,Courtney Cox_62.jpg,Courtney Cox
762,Courtney Cox_69.jpg,Courtney Cox
763,Courtney Cox_53.jpg,Courtney Cox
764,Courtney Cox_22.jpg,Courtney Cox
765,Courtney Cox_79.jpg,Courtney Cox
766,Courtney Cox_21.jpg,Courtney Cox
767,Courtney Cox_70.jpg,Courtney Cox
768,Courtney Cox_41.jpg,Courtney Cox
769,Courtney Cox_78.jpg,Courtney Cox
770,Courtney Cox_51.jpg,Courtney Cox
771,Courtney Cox_43.jpg,Courtney Cox
772,Courtney Cox_40.jpg,Courtney Cox
773,Courtney Cox_23.jpg,Courtney Cox
774,Courtney Cox_14.jpg,Courtney Cox
775,Courtney Cox_45.jpg,Courtney Cox
776,Courtney Cox_9.jpg,Courtney Cox
777,Courtney Cox_11.jpg,Courtney Cox
778,Courtney Cox_0.jpg,Courtney Cox
779,Courtney Cox_44.jpg,Courtney Cox
780,Courtney Cox_49.jpg,Courtney Cox
781,Courtney Cox_46.jpg,Courtney Cox
782,Courtney Cox_34.jpg,Courtney Cox
783,Courtney Cox_72.jpg,Courtney Cox
784,Courtney Cox_30.jpg,Courtney Cox
785,Courtney Cox_25.jpg,Courtney Cox
786,Courtney Cox_71.jpg,Courtney Cox
787,Courtney Cox_15.jpg,Courtney Cox
788,Courtney Cox_29.jpg,Courtney Cox
789,Courtney Cox_68.jpg,Courtney Cox
790,Courtney Cox_16.jpg,Courtney Cox
791,Courtney Cox_7.jpg,Courtney Cox
792,Courtney Cox_13.jpg,Courtney Cox
793,Courtney Cox_4.jpg,Courtney Cox
794,Courtney Cox_57.jpg,Courtney Cox
795,Courtney Cox_76.jpg,Courtney Cox
796,Courtney Cox_59.jpg,Courtney Cox
797,Courtney Cox_18.jpg,Courtney Cox
798,Courtney Cox_50.jpg,Courtney Cox
799,Courtney Cox_66.jpg,Courtney Cox
800,Courtney Cox_19.jpg,Courtney Cox
801,Courtney Cox_36.jpg,Courtney Cox
802,Courtney Cox_32.jpg,Courtney Cox
803,Courtney Cox_8.jpg,Courtney Cox
804,Courtney Cox_3.jpg,Courtney Cox
805,Courtney Cox_1.jpg,Courtney Cox
806,Courtney Cox_12.jpg,Courtney Cox
807,Dwayne Johnson_40.jpg,Dwayne Johnson
808,Dwayne Johnson_16.jpg,Dwayne Johnson
809,Dwayne Johnson_13.jpg,Dwayne Johnson
810,Dwayne Johnson_56.jpg,Dwayne Johnson
811,Dwayne Johnson_26.jpg,Dwayne Johnson
812,Dwayne Johnson_47.jpg,Dwayne Johnson
813,Dwayne Johnson_32.jpg,Dwayne Johnson
814,Dwayne Johnson_50.jpg,Dwayne Johnson
815,Dwayne Johnson_6.jpg,Dwayne Johnson
816,Dwayne Johnson_9.jpg,Dwayne Johnson
817,Dwayne Johnson_5.jpg,Dwayne Johnson
818,Dwayne Johnson_25.jpg,Dwayne Johnson
819,Dwayne Johnson_30.jpg,Dwayne Johnson
820,Dwayne Johnson_8.jpg,Dwayne Johnson
821,Dwayne Johnson_29.jpg,Dwayne Johnson
822,Dwayne Johnson_36.jpg,Dwayne Johnson
823,Dwayne Johnson_57.jpg,Dwayne Johnson
824,Dwayne Johnson_11.jpg,Dwayne Johnson
825,Dwayne Johnson_59.jpg,Dwayne Johnson
826,Dwayne Johnson_3.jpg,Dwayne Johnson
827,Dwayne Johnson_21.jpg,Dwayne Johnson
828,Dwayne Johnson_12.jpg,Dwayne Johnson
829,Dwayne Johnson_39.jpg,Dwayne Johnson
830,Dwayne Johnson_45.jpg,Dwayne Johnson
831,Dwayne Johnson_43.jpg,Dwayne Johnson
832,Dwayne Johnson_49.jpg,Dwayne Johnson
833,Dwayne Johnson_24.jpg,Dwayne Johnson
834,Dwayne Johnson_52.jpg,Dwayne Johnson
835,Dwayne Johnson_42.jpg,Dwayne Johnson
836,Dwayne Johnson_53.jpg,Dwayne Johnson
837,Dwayne Johnson_27.jpg,Dwayne Johnson
838,Dwayne Johnson_51.jpg,Dwayne Johnson
839,Dwayne Johnson_28.jpg,Dwayne Johnson
840,Dwayne Johnson_58.jpg,Dwayne Johnson
841,Dwayne Johnson_48.jpg,Dwayne Johnson
842,Dwayne Johnson_4.jpg,Dwayne Johnson
843,Dwayne Johnson_18.jpg,Dwayne Johnson
844,Dwayne Johnson_1.jpg,Dwayne Johnson
845,Dwayne Johnson_33.jpg,Dwayne Johnson
846,Dwayne Johnson_0.jpg,Dwayne Johnson
847,Dwayne Johnson_22.jpg,Dwayne Johnson
848,Dwayne Johnson_2.jpg,Dwayne Johnson
849,Dwayne Johnson_14.jpg,Dwayne Johnson
850,Dwayne Johnson_54.jpg,Dwayne Johnson
851,Dwayne Johnson_17.jpg,Dwayne Johnson
852,Dwayne Johnson_37.jpg,Dwayne Johnson
853,Dwayne Johnson_55.jpg,Dwayne Johnson
854,Dwayne Johnson_38.jpg,Dwayne Johnson
855,Elizabeth Olsen_68.jpg,Elizabeth Olsen
856,Elizabeth Olsen_27.jpg,Elizabeth Olsen
857,Elizabeth Olsen_10.jpg,Elizabeth Olsen
858,Elizabeth Olsen_19.jpg,Elizabeth Olsen
859,Elizabeth Olsen_52.jpg,Elizabeth Olsen
860,Elizabeth Olsen_64.jpg,Elizabeth Olsen
861,Elizabeth Olsen_32.jpg,Elizabeth Olsen
862,Elizabeth Olsen_43.jpg,Elizabeth Olsen
863,Elizabeth Olsen_66.jpg,Elizabeth Olsen
864,Elizabeth Olsen_26.jpg,Elizabeth Olsen
865,Elizabeth Olsen_54.jpg,Elizabeth Olsen
866,Elizabeth Olsen_9.jpg,Elizabeth Olsen
867,Elizabeth Olsen_5.jpg,Elizabeth Olsen
868,Elizabeth Olsen_37.jpg,Elizabeth Olsen
869,Elizabeth Olsen_70.jpg,Elizabeth Olsen
870,Elizabeth Olsen_28.jpg,Elizabeth Olsen
871,Elizabeth Olsen_7.jpg,Elizabeth Olsen
872,Elizabeth Olsen_24.jpg,Elizabeth Olsen
873,Elizabeth Olsen_46.jpg,Elizabeth Olsen
874,Elizabeth Olsen_17.jpg,Elizabeth Olsen
875,Elizabeth Olsen_15.jpg,Elizabeth Olsen
876,Elizabeth Olsen_56.jpg,Elizabeth Olsen
877,Elizabeth Olsen_61.jpg,Elizabeth Olsen
878,Elizabeth Olsen_20.jpg,Elizabeth Olsen
879,Elizabeth Olsen_50.jpg,Elizabeth Olsen
880,Elizabeth Olsen_0.jpg,Elizabeth Olsen
881,Elizabeth Olsen_36.jpg,Elizabeth Olsen
882,Elizabeth Olsen_62.jpg,Elizabeth Olsen
883,Elizabeth Olsen_44.jpg,Elizabeth Olsen
884,Elizabeth Olsen_34.jpg,Elizabeth Olsen
885,Elizabeth Olsen_40.jpg,Elizabeth Olsen
886,Elizabeth Olsen_1.jpg,Elizabeth Olsen
887,Elizabeth Olsen_11.jpg,Elizabeth Olsen
888,Elizabeth Olsen_31.jpg,Elizabeth Olsen
889,Elizabeth Olsen_16.jpg,Elizabeth Olsen
890,Elizabeth Olsen_42.jpg,Elizabeth Olsen
891,Elizabeth Olsen_53.jpg,Elizabeth Olsen
892,Elizabeth Olsen_14.jpg,Elizabeth Olsen
893,Elizabeth Olsen_48.jpg,Elizabeth Olsen
894,Elizabeth Olsen_45.jpg,Elizabeth Olsen
895,Elizabeth Olsen_60.jpg,Elizabeth Olsen
896,Elizabeth Olsen_35.jpg,Elizabeth Olsen
897,Elizabeth Olsen_23.jpg,Elizabeth Olsen
898,Elizabeth Olsen_69.jpg,Elizabeth Olsen
899,Elizabeth Olsen_22.jpg,Elizabeth Olsen
900,Elizabeth Olsen_55.jpg,Elizabeth Olsen
901,Elizabeth Olsen_30.jpg,Elizabeth Olsen
902,Elizabeth Olsen_65.jpg,Elizabeth Olsen
903,Elizabeth Olsen_33.jpg,Elizabeth Olsen
904,Elizabeth Olsen_4.jpg,Elizabeth Olsen
905,Elizabeth Olsen_2.jpg,Elizabeth Olsen
906,Elizabeth Olsen_3.jpg,Elizabeth Olsen
907,Elizabeth Olsen_58.jpg,Elizabeth Olsen
908,Elizabeth Olsen_67.jpg,Elizabeth Olsen
909,Elizabeth Olsen_12.jpg,Elizabeth Olsen
910,Elizabeth Olsen_38.jpg,Elizabeth Olsen
911,Ellen Degeneres_23.jpg,Ellen Degeneres
912,Ellen Degeneres_26.jpg,Ellen Degeneres
913,Ellen Degeneres_32.jpg,Ellen Degeneres
914,Ellen Degeneres_12.jpg,Ellen Degeneres
915,Ellen Degeneres_66.jpg,Ellen Degeneres
916,Ellen Degeneres_38.jpg,Ellen Degeneres
917,Ellen Degeneres_70.jpg,Ellen Degeneres
918,Ellen Degeneres_15.jpg,Ellen Degeneres
919,Ellen Degeneres_48.jpg,Ellen Degeneres
920,Ellen Degeneres_2.jpg,Ellen Degeneres
921,Ellen Degeneres_59.jpg,Ellen Degeneres
922,Ellen Degeneres_72.jpg,Ellen Degeneres
923,Ellen Degeneres_3.jpg,Ellen Degeneres
924,Ellen Degeneres_10.jpg,Ellen Degeneres
925,Ellen Degeneres_0.jpg,Ellen Degeneres
926,Ellen Degeneres_9.jpg,Ellen Degeneres
927,Ellen Degeneres_22.jpg,Ellen Degeneres
928,Ellen Degeneres_27.jpg,Ellen Degeneres
929,Ellen Degeneres_30.jpg,Ellen Degeneres
930,Ellen Degeneres_51.jpg,Ellen Degeneres
931,Ellen Degeneres_25.jpg,Ellen Degeneres
932,Ellen Degeneres_18.jpg,Ellen Degeneres
933,Ellen Degeneres_67.jpg,Ellen Degeneres
934,Ellen Degeneres_46.jpg,Ellen Degeneres
935,Ellen Degeneres_4.jpg,Ellen Degeneres
936,Ellen Degeneres_33.jpg,Ellen Degeneres
937,Ellen Degeneres_6.jpg,Ellen Degeneres
938,Ellen Degeneres_61.jpg,Ellen Degeneres
939,Ellen Degeneres_44.jpg,Ellen Degeneres
940,Ellen Degeneres_8.jpg,Ellen Degeneres
941,Ellen Degeneres_36.jpg,Ellen Degeneres
942,Ellen Degeneres_65.jpg,Ellen Degeneres
943,Ellen Degeneres_34.jpg,Ellen Degeneres
944,Ellen Degeneres_43.jpg,Ellen Degeneres
945,Ellen Degeneres_58.jpg,Ellen Degeneres
946,Ellen Degeneres_13.jpg,Ellen Degeneres
947,Ellen Degeneres_73.jpg,Ellen Degeneres
948,Ellen Degeneres_52.jpg,Ellen Degeneres
949,Ellen Degeneres_62.jpg,Ellen Degeneres
950,Ellen Degeneres_24.jpg,Ellen Degeneres
951,Ellen Degeneres_42.jpg,Ellen Degeneres
952,Ellen Degeneres_68.jpg,Ellen Degeneres
953,Ellen Degeneres_57.jpg,Ellen Degeneres
954,Ellen Degeneres_45.jpg,Ellen Degeneres
955,Ellen Degeneres_56.jpg,Ellen Degeneres
956,Ellen Degeneres_49.jpg,Ellen Degeneres
957,Ellen Degeneres_53.jpg,Ellen Degeneres
958,Ellen Degeneres_63.jpg,Ellen Degeneres
959,Ellen Degeneres_37.jpg,Ellen Degeneres
960,Ellen Degeneres_60.jpg,Ellen Degeneres
961,Ellen Degeneres_5.jpg,Ellen Degeneres
962,Ellen Degeneres_64.jpg,Ellen Degeneres
963,Ellen Degeneres_40.jpg,Ellen Degeneres
964,Ellen Degeneres_20.jpg,Ellen Degeneres
965,Ellen Degeneres_11.jpg,Ellen Degeneres
966,Ellen Degeneres_14.jpg,Ellen Degeneres
967,Ellen Degeneres_1.jpg,Ellen Degeneres
968,Ellen Degeneres_74.jpg,Ellen Degeneres
969,Ellen Degeneres_29.jpg,Ellen Degeneres
970,Ellen Degeneres_21.jpg,Ellen Degeneres
971,Henry Cavill_94.jpg,Henry Cavill
972,Henry Cavill_97.jpg,Henry Cavill
973,Henry Cavill_69.jpg,Henry Cavill
974,Henry Cavill_9.jpg,Henry Cavill
975,Henry Cavill_60.jpg,Henry Cavill
976,Henry Cavill_64.jpg,Henry Cavill
977,Henry Cavill_47.jpg,Henry Cavill
978,Henry Cavill_90.jpg,Henry Cavill
979,Henry Cavill_11.jpg,Henry Cavill
980,Henry Cavill_86.jpg,Henry Cavill
981,Henry Cavill_20.jpg,Henry Cavill
982,Henry Cavill_71.jpg,Henry Cavill
983,Henry Cavill_40.jpg,Henry Cavill
984,Henry Cavill_82.jpg,Henry Cavill
985,Henry Cavill_76.jpg,Henry Cavill
986,Henry Cavill_48.jpg,Henry Cavill
987,Henry Cavill_63.jpg,Henry Cavill
988,Henry Cavill_12.jpg,Henry Cavill
989,Henry Cavill_93.jpg,Henry Cavill
990,Henry Cavill_92.jpg,Henry Cavill
991,Henry Cavill_5.jpg,Henry Cavill
992,Henry Cavill_77.jpg,Henry Cavill
993,Henry Cavill_99.jpg,Henry Cavill
994,Henry Cavill_44.jpg,Henry Cavill
995,Henry Cavill_32.jpg,Henry Cavill
996,Henry Cavill_95.jpg,Henry Cavill
997,Henry Cavill_104.jpg,Henry Cavill
998,Henry Cavill_66.jpg,Henry Cavill
999,Henry Cavill_50.jpg,Henry Cavill
1000,Henry Cavill_4.jpg,Henry Cavill
1001,Henry Cavill_49.jpg,Henry Cavill
1002,Henry Cavill_65.jpg,Henry Cavill
1003,Henry Cavill_67.jpg,Henry Cavill
1004,Henry Cavill_78.jpg,Henry Cavill
1005,Henry Cavill_83.jpg,Henry Cavill
1006,Henry Cavill_84.jpg,Henry Cavill
1007,Henry Cavill_74.jpg,Henry Cavill
1008,Henry Cavill_13.jpg,Henry Cavill
1009,Henry Cavill_42.jpg,Henry Cavill
1010,Henry Cavill_27.jpg,Henry Cavill
1011,Henry Cavill_25.jpg,Henry Cavill
1012,Henry Cavill_1.jpg,Henry Cavill
1013,Henry Cavill_46.jpg,Henry Cavill
1014,Henry Cavill_81.jpg,Henry Cavill
1015,Henry Cavill_23.jpg,Henry Cavill
1016,Henry Cavill_29.jpg,Henry Cavill
1017,Henry Cavill_100.jpg,Henry Cavill
1018,Henry Cavill_17.jpg,Henry Cavill
1019,Henry Cavill_15.jpg,Henry Cavill
1020,Henry Cavill_31.jpg,Henry Cavill
1021,Henry Cavill_55.jpg,Henry Cavill
1022,Henry Cavill_16.jpg,Henry Cavill
1023,Henry Cavill_10.jpg,Henry Cavill
1024,Henry Cavill_73.jpg,Henry Cavill
1025,Henry Cavill_101.jpg,Henry Cavill
1026,Henry Cavill_45.jpg,Henry Cavill
1027,Henry Cavill_19.jpg,Henry Cavill
1028,Henry Cavill_91.jpg,Henry Cavill
1029,Henry Cavill_62.jpg,Henry Cavill
1030,Henry Cavill_80.jpg,Henry Cavill
1031,Henry Cavill_96.jpg,Henry Cavill
1032,Henry Cavill_57.jpg,Henry Cavill
1033,Henry Cavill_61.jpg,Henry Cavill
1034,Henry Cavill_98.jpg,Henry Cavill
1035,Henry Cavill_8.jpg,Henry Cavill
1036,Henry Cavill_30.jpg,Henry Cavill
1037,Henry Cavill_75.jpg,Henry Cavill
1038,Henry Cavill_18.jpg,Henry Cavill
1039,Henry Cavill_89.jpg,Henry Cavill
1040,Henry Cavill_56.jpg,Henry Cavill
1041,Henry Cavill_41.jpg,Henry Cavill
1042,Henry Cavill_103.jpg,Henry Cavill
1043,Henry Cavill_3.jpg,Henry Cavill
1044,Henry Cavill_88.jpg,Henry Cavill
1045,Henry Cavill_35.jpg,Henry Cavill
1046,Henry Cavill_79.jpg,Henry Cavill
1047,Henry Cavill_70.jpg,Henry Cavill
1048,Henry Cavill_51.jpg,Henry Cavill
1049,Henry Cavill_39.jpg,Henry Cavill
1050,Henry Cavill_72.jpg,Henry Cavill
1051,Henry Cavill_54.jpg,Henry Cavill
1052,Henry Cavill_14.jpg,Henry Cavill
1053,Henry Cavill_102.jpg,Henry Cavill
1054,Henry Cavill_0.jpg,Henry Cavill
1055,Hrithik Roshan_75.jpg,Hrithik Roshan
1056,Hrithik Roshan_14.jpg,Hrithik Roshan
1057,Hrithik Roshan_15.jpg,Hrithik Roshan
1058,Hrithik Roshan_4.jpg,Hrithik Roshan
1059,Hrithik Roshan_41.jpg,Hrithik Roshan
1060,Hrithik Roshan_91.jpg,Hrithik Roshan
1061,Hrithik Roshan_40.jpg,Hrithik Roshan
1062,Hrithik Roshan_1.jpg,Hrithik Roshan
1063,Hrithik Roshan_36.jpg,Hrithik Roshan
1064,Hrithik Roshan_59.jpg,Hrithik Roshan
1065,Hrithik Roshan_31.jpg,Hrithik Roshan
1066,Hrithik Roshan_25.jpg,Hrithik Roshan
1067,Hrithik Roshan_5.jpg,Hrithik Roshan
1068,Hrithik Roshan_29.jpg,Hrithik Roshan
1069,Hrithik Roshan_18.jpg,Hrithik Roshan
1070,Hrithik Roshan_39.jpg,Hrithik Roshan
1071,Hrithik Roshan_93.jpg,Hrithik Roshan
1072,Hrithik Roshan_26.jpg,Hrithik Roshan
1073,Hrithik Roshan_96.jpg,Hrithik Roshan
1074,Hrithik Roshan_84.jpg,Hrithik Roshan
1075,Hrithik Roshan_12.jpg,Hrithik Roshan
1076,Hrithik Roshan_68.jpg,Hrithik Roshan
1077,Hrithik Roshan_34.jpg,Hrithik Roshan
1078,Hrithik Roshan_100.jpg,Hrithik Roshan
1079,Hrithik Roshan_90.jpg,Hrithik Roshan
1080,Hrithik Roshan_7.jpg,Hrithik Roshan
1081,Hrithik Roshan_51.jpg,Hrithik Roshan
1082,Hrithik Roshan_61.jpg,Hrithik Roshan
1083,Hrithik Roshan_80.jpg,Hrithik Roshan
1084,Hrithik Roshan_88.jpg,Hrithik Roshan
1085,Hrithik Roshan_20.jpg,Hrithik Roshan
1086,Hrithik Roshan_35.jpg,Hrithik Roshan
1087,Hrithik Roshan_92.jpg,Hrithik Roshan
1088,Hrithik Roshan_72.jpg,Hrithik Roshan
1089,Hrithik Roshan_8.jpg,Hrithik Roshan
1090,Hrithik Roshan_62.jpg,Hrithik Roshan
1091,Hrithik Roshan_13.jpg,Hrithik Roshan
1092,Hrithik Roshan_23.jpg,Hrithik Roshan
1093,Hrithik Roshan_43.jpg,Hrithik Roshan
1094,Hrithik Roshan_86.jpg,Hrithik Roshan
1095,Hrithik Roshan_47.jpg,Hrithik Roshan
1096,Hrithik Roshan_21.jpg,Hrithik Roshan
1097,Hrithik Roshan_54.jpg,Hrithik Roshan
1098,Hrithik Roshan_48.jpg,Hrithik Roshan
1099,Hrithik Roshan_6.jpg,Hrithik Roshan
1100,Hrithik Roshan_58.jpg,Hrithik Roshan
1101,Hrithik Roshan_67.jpg,Hrithik Roshan
1102,Hrithik Roshan_37.jpg,Hrithik Roshan
1103,Hrithik Roshan_82.jpg,Hrithik Roshan
1104,Hrithik Roshan_3.jpg,Hrithik Roshan
1105,Hrithik Roshan_16.jpg,Hrithik Roshan
1106,Hrithik Roshan_87.jpg,Hrithik Roshan
1107,Hrithik Roshan_44.jpg,Hrithik Roshan
1108,Hrithik Roshan_65.jpg,Hrithik Roshan
1109,Hrithik Roshan_22.jpg,Hrithik Roshan
1110,Hrithik Roshan_28.jpg,Hrithik Roshan
1111,Hrithik Roshan_74.jpg,Hrithik Roshan
1112,Hrithik Roshan_98.jpg,Hrithik Roshan
1113,Hrithik Roshan_10.jpg,Hrithik Roshan
1114,Hrithik Roshan_38.jpg,Hrithik Roshan
1115,Hrithik Roshan_94.jpg,Hrithik Roshan
1116,Hrithik Roshan_70.jpg,Hrithik Roshan
1117,Hrithik Roshan_2.jpg,Hrithik Roshan
1118,Hrithik Roshan_95.jpg,Hrithik Roshan
1119,Hrithik Roshan_49.jpg,Hrithik Roshan
1120,Hrithik Roshan_52.jpg,Hrithik Roshan
1121,Hrithik Roshan_53.jpg,Hrithik Roshan
1122,Hrithik Roshan_27.jpg,Hrithik Roshan
1123,Hrithik Roshan_42.jpg,Hrithik Roshan
1124,Hrithik Roshan_9.jpg,Hrithik Roshan
1125,Hrithik Roshan_89.jpg,Hrithik Roshan
1126,Hrithik Roshan_60.jpg,Hrithik Roshan
1127,Hrithik Roshan_69.jpg,Hrithik Roshan
1128,Hrithik Roshan_97.jpg,Hrithik Roshan
1129,Hrithik Roshan_73.jpg,Hrithik Roshan
1130,Hrithik Roshan_32.jpg,Hrithik Roshan
1131,Hrithik Roshan_24.jpg,Hrithik Roshan
1132,Hrithik Roshan_76.jpg,Hrithik Roshan
1133,Hrithik Roshan_30.jpg,Hrithik Roshan
1134,Hrithik Roshan_55.jpg,Hrithik Roshan
1135,Hugh Jackman_75.jpg,Hugh Jackman
1136,Hugh Jackman_48.jpg,Hugh Jackman
1137,Hugh Jackman_22.jpg,Hugh Jackman
1138,Hugh Jackman_3.jpg,Hugh Jackman
1139,Hugh Jackman_98.jpg,Hugh Jackman
1140,Hugh Jackman_10.jpg,Hugh Jackman
1141,Hugh Jackman_70.jpg,Hugh Jackman
1142,Hugh Jackman_110.jpg,Hugh Jackman
1143,Hugh Jackman_65.jpg,Hugh Jackman
1144,Hugh Jackman_7.jpg,Hugh Jackman
1145,Hugh Jackman_47.jpg,Hugh Jackman
1146,Hugh Jackman_101.jpg,Hugh Jackman
1147,Hugh Jackman_108.jpg,Hugh Jackman
1148,Hugh Jackman_79.jpg,Hugh Jackman
1149,Hugh Jackman_60.jpg,Hugh Jackman
1150,Hugh Jackman_55.jpg,Hugh Jackman
1151,Hugh Jackman_17.jpg,Hugh Jackman
1152,Hugh Jackman_15.jpg,Hugh Jackman
1153,Hugh Jackman_54.jpg,Hugh Jackman
1154,Hugh Jackman_62.jpg,Hugh Jackman
1155,Hugh Jackman_87.jpg,Hugh Jackman
1156,Hugh Jackman_106.jpg,Hugh Jackman
1157,Hugh Jackman_57.jpg,Hugh Jackman
1158,Hugh Jackman_5.jpg,Hugh Jackman
1159,Hugh Jackman_86.jpg,Hugh Jackman
1160,Hugh Jackman_63.jpg,Hugh Jackman
1161,Hugh Jackman_28.jpg,Hugh Jackman
1162,Hugh Jackman_58.jpg,Hugh Jackman
1163,Hugh Jackman_31.jpg,Hugh Jackman
1164,Hugh Jackman_19.jpg,Hugh Jackman
1165,Hugh Jackman_45.jpg,Hugh Jackman
1166,Hugh Jackman_69.jpg,Hugh Jackman
1167,Hugh Jackman_16.jpg,Hugh Jackman
1168,Hugh Jackman_20.jpg,Hugh Jackman
1169,Hugh Jackman_4.jpg,Hugh Jackman
1170,Hugh Jackman_71.jpg,Hugh Jackman
1171,Hugh Jackman_9.jpg,Hugh Jackman
1172,Hugh Jackman_21.jpg,Hugh Jackman
1173,Hugh Jackman_61.jpg,Hugh Jackman
1174,Hugh Jackman_76.jpg,Hugh Jackman
1175,Hugh Jackman_99.jpg,Hugh Jackman
1176,Hugh Jackman_12.jpg,Hugh Jackman
1177,Hugh Jackman_93.jpg,Hugh Jackman
1178,Hugh Jackman_40.jpg,Hugh Jackman
1179,Hugh Jackman_41.jpg,Hugh Jackman
1180,Hugh Jackman_80.jpg,Hugh Jackman
1181,Hugh Jackman_33.jpg,Hugh Jackman
1182,Hugh Jackman_91.jpg,Hugh Jackman
1183,Hugh Jackman_107.jpg,Hugh Jackman
1184,Hugh Jackman_68.jpg,Hugh Jackman
1185,Hugh Jackman_111.jpg,Hugh Jackman
1186,Hugh Jackman_92.jpg,Hugh Jackman
1187,Hugh Jackman_53.jpg,Hugh Jackman
1188,Hugh Jackman_51.jpg,Hugh Jackman
1189,Hugh Jackman_52.jpg,Hugh Jackman
1190,Hugh Jackman_34.jpg,Hugh Jackman
1191,Hugh Jackman_89.jpg,Hugh Jackman
1192,Hugh Jackman_77.jpg,Hugh Jackman
1193,Hugh Jackman_46.jpg,Hugh Jackman
1194,Hugh Jackman_102.jpg,Hugh Jackman
1195,Hugh Jackman_27.jpg,Hugh Jackman
1196,Hugh Jackman_72.jpg,Hugh Jackman
1197,Hugh Jackman_83.jpg,Hugh Jackman
1198,Hugh Jackman_32.jpg,Hugh Jackman
1199,Hugh Jackman_39.jpg,Hugh Jackman
1200,Hugh Jackman_90.jpg,Hugh Jackman
1201,Hugh Jackman_38.jpg,Hugh Jackman
1202,Hugh Jackman_100.jpg,Hugh Jackman
1203,Hugh Jackman_81.jpg,Hugh Jackman
1204,Hugh Jackman_8.jpg,Hugh Jackman
1205,Hugh Jackman_6.jpg,Hugh Jackman
1206,Hugh Jackman_105.jpg,Hugh Jackman
1207,Hugh Jackman_82.jpg,Hugh Jackman
1208,Hugh Jackman_18.jpg,Hugh Jackman
1209,Hugh Jackman_11.jpg,Hugh Jackman
1210,Hugh Jackman_103.jpg,Hugh Jackman
1211,Hugh Jackman_78.jpg,Hugh Jackman
1212,Hugh Jackman_25.jpg,Hugh Jackman
1213,Hugh Jackman_56.jpg,Hugh Jackman
1214,Hugh Jackman_50.jpg,Hugh Jackman
1215,Hugh Jackman_2.jpg,Hugh Jackman
1216,Hugh Jackman_30.jpg,Hugh Jackman
1217,Hugh Jackman_95.jpg,Hugh Jackman
1218,Hugh Jackman_49.jpg,Hugh Jackman
1219,Hugh Jackman_43.jpg,Hugh Jackman
1220,Hugh Jackman_37.jpg,Hugh Jackman
1221,Hugh Jackman_97.jpg,Hugh Jackman
1222,Hugh Jackman_23.jpg,Hugh Jackman
1223,Hugh Jackman_29.jpg,Hugh Jackman
1224,Jessica Alba_16.jpg,Jessica Alba
1225,Jessica Alba_83.jpg,Jessica Alba
1226,Jessica Alba_44.jpg,Jessica Alba
1227,Jessica Alba_70.jpg,Jessica Alba
1228,Jessica Alba_24.jpg,Jessica Alba
1229,Jessica Alba_103.jpg,Jessica Alba
1230,Jessica Alba_22.jpg,Jessica Alba
1231,Jessica Alba_12.jpg,Jessica Alba
1232,Jessica Alba_52.jpg,Jessica Alba
1233,Jessica Alba_10.jpg,Jessica Alba
1234,Jessica Alba_105.jpg,Jessica Alba
1235,Jessica Alba_27.jpg,Jessica Alba
1236,Jessica Alba_84.jpg,Jessica Alba
1237,Jessica Alba_20.jpg,Jessica Alba
1238,Jessica Alba_85.jpg,Jessica Alba
1239,Jessica Alba_36.jpg,Jessica Alba
1240,Jessica Alba_54.jpg,Jessica Alba
1241,Jessica Alba_14.jpg,Jessica Alba
1242,Jessica Alba_26.jpg,Jessica Alba
1243,Jessica Alba_81.jpg,Jessica Alba
1244,Jessica Alba_99.jpg,Jessica Alba
1245,Jessica Alba_72.jpg,Jessica Alba
1246,Jessica Alba_100.jpg,Jessica Alba
1247,Jessica Alba_28.jpg,Jessica Alba
1248,Jessica Alba_50.jpg,Jessica Alba
1249,Jessica Alba_80.jpg,Jessica Alba
1250,Jessica Alba_66.jpg,Jessica Alba
1251,Jessica Alba_4.jpg,Jessica Alba
1252,Jessica Alba_47.jpg,Jessica Alba
1253,Jessica Alba_61.jpg,Jessica Alba
1254,Jessica Alba_2.jpg,Jessica Alba
1255,Jessica Alba_17.jpg,Jessica Alba
1256,Jessica Alba_46.jpg,Jessica Alba
1257,Jessica Alba_55.jpg,Jessica Alba
1258,Jessica Alba_21.jpg,Jessica Alba
1259,Jessica Alba_5.jpg,Jessica Alba
1260,Jessica Alba_57.jpg,Jessica Alba
1261,Jessica Alba_19.jpg,Jessica Alba
1262,Jessica Alba_33.jpg,Jessica Alba
1263,Jessica Alba_7.jpg,Jessica Alba
1264,Jessica Alba_13.jpg,Jessica Alba
1265,Jessica Alba_25.jpg,Jessica Alba
1266,Jessica Alba_63.jpg,Jessica Alba
1267,Jessica Alba_104.jpg,Jessica Alba
1268,Jessica Alba_59.jpg,Jessica Alba
1269,Jessica Alba_11.jpg,Jessica Alba
1270,Jessica Alba_45.jpg,Jessica Alba
1271,Jessica Alba_79.jpg,Jessica Alba
1272,Jessica Alba_97.jpg,Jessica Alba
1273,Jessica Alba_3.jpg,Jessica Alba
1274,Jessica Alba_65.jpg,Jessica Alba
1275,Jessica Alba_60.jpg,Jessica Alba
1276,Jessica Alba_23.jpg,Jessica Alba
1277,Jessica Alba_75.jpg,Jessica Alba
1278,Jessica Alba_58.jpg,Jessica Alba
1279,Jessica Alba_37.jpg,Jessica Alba
1280,Jessica Alba_42.jpg,Jessica Alba
1281,Jessica Alba_93.jpg,Jessica Alba
1282,Jessica Alba_43.jpg,Jessica Alba
1283,Jessica Alba_30.jpg,Jessica Alba
1284,Jessica Alba_95.jpg,Jessica Alba
1285,Jessica Alba_31.jpg,Jessica Alba
1286,Jessica Alba_98.jpg,Jessica Alba
1287,Jessica Alba_102.jpg,Jessica Alba
1288,Jessica Alba_62.jpg,Jessica Alba
1289,Jessica Alba_32.jpg,Jessica Alba
1290,Jessica Alba_88.jpg,Jessica Alba
1291,Jessica Alba_76.jpg,Jessica Alba
1292,Jessica Alba_87.jpg,Jessica Alba
1293,Jessica Alba_107.jpg,Jessica Alba
1294,Jessica Alba_101.jpg,Jessica Alba
1295,Jessica Alba_74.jpg,Jessica Alba
1296,Jessica Alba_18.jpg,Jessica Alba
1297,Jessica Alba_51.jpg,Jessica Alba
1298,Jessica Alba_0.jpg,Jessica Alba
1299,Jessica Alba_6.jpg,Jessica Alba
1300,Jessica Alba_15.jpg,Jessica Alba
1301,Jessica Alba_9.jpg,Jessica Alba
1302,Jessica Alba_94.jpg,Jessica Alba
1303,Jessica Alba_86.jpg,Jessica Alba
1304,Jessica Alba_69.jpg,Jessica Alba
1305,Jessica Alba_29.jpg,Jessica Alba
1306,Jessica Alba_8.jpg,Jessica Alba
1307,Jessica Alba_56.jpg,Jessica Alba
1308,Jessica Alba_78.jpg,Jessica Alba
1309,Jessica Alba_40.jpg,Jessica Alba
1310,Kashyap_0.jpg,Kashyap
1311,Kashyap_18.jpg,Kashyap
1312,Kashyap_2.jpg,Kashyap
1313,Kashyap_27.jpg,Kashyap
1314,Kashyap_7.jpg,Kashyap
1315,Kashyap_10.jpg,Kashyap
1316,Kashyap_24.jpg,Kashyap
1317,Kashyap_4.jpg,Kashyap
1318,Kashyap_3.jpg,Kashyap
1319,Kashyap_5.jpg,Kashyap
1320,Kashyap_16.jpg,Kashyap
1321,Kashyap_22.jpg,Kashyap
1322,Kashyap_26.jpg,Kashyap
1323,Kashyap_28.jpg,Kashyap
1324,Kashyap_11.jpg,Kashyap
1325,Kashyap_12.jpg,Kashyap
1326,Kashyap_9.jpg,Kashyap
1327,Kashyap_29.jpg,Kashyap
1328,Kashyap_1.jpg,Kashyap
1329,Kashyap_17.jpg,Kashyap
1330,Kashyap_25.jpg,Kashyap
1331,Kashyap_14.jpg,Kashyap
1332,Kashyap_13.jpg,Kashyap
1333,Kashyap_19.jpg,Kashyap
1334,Lisa Kudrow_30.jpg,Lisa Kudrow
1335,Lisa Kudrow_42.jpg,Lisa Kudrow
1336,Lisa Kudrow_27.jpg,Lisa Kudrow
1337,Lisa Kudrow_6.jpg,Lisa Kudrow
1338,Lisa Kudrow_57.jpg,Lisa Kudrow
1339,Lisa Kudrow_56.jpg,Lisa Kudrow
1340,Lisa Kudrow_35.jpg,Lisa Kudrow
1341,Lisa Kudrow_28.jpg,Lisa Kudrow
1342,Lisa Kudrow_2.jpg,Lisa Kudrow
1343,Lisa Kudrow_62.jpg,Lisa Kudrow
1344,Lisa Kudrow_37.jpg,Lisa Kudrow
1345,Lisa Kudrow_43.jpg,Lisa Kudrow
1346,Lisa Kudrow_1.jpg,Lisa Kudrow
1347,Lisa Kudrow_44.jpg,Lisa Kudrow
1348,Lisa Kudrow_39.jpg,Lisa Kudrow
1349,Lisa Kudrow_34.jpg,Lisa Kudrow
1350,Lisa Kudrow_53.jpg,Lisa Kudrow
1351,Lisa Kudrow_17.jpg,Lisa Kudrow
1352,Lisa Kudrow_16.jpg,Lisa Kudrow
1353,Lisa Kudrow_20.jpg,Lisa Kudrow
1354,Lisa Kudrow_23.jpg,Lisa Kudrow
1355,Lisa Kudrow_0.jpg,Lisa Kudrow
1356,Lisa Kudrow_54.jpg,Lisa Kudrow
1357,Lisa Kudrow_29.jpg,Lisa Kudrow
1358,Lisa Kudrow_10.jpg,Lisa Kudrow
1359,Lisa Kudrow_36.jpg,Lisa Kudrow
1360,Lisa Kudrow_47.jpg,Lisa Kudrow
1361,Lisa Kudrow_64.jpg,Lisa Kudrow
1362,Lisa Kudrow_14.jpg,Lisa Kudrow
1363,Lisa Kudrow_3.jpg,Lisa Kudrow
1364,Lisa Kudrow_60.jpg,Lisa Kudrow
1365,Lisa Kudrow_55.jpg,Lisa Kudrow
1366,Lisa Kudrow_49.jpg,Lisa Kudrow
1367,Lisa Kudrow_11.jpg,Lisa Kudrow
1368,Lisa Kudrow_19.jpg,Lisa Kudrow
1369,Lisa Kudrow_50.jpg,Lisa Kudrow
1370,Lisa Kudrow_52.jpg,Lisa Kudrow
1371,Lisa Kudrow_61.jpg,Lisa Kudrow
1372,Lisa Kudrow_25.jpg,Lisa Kudrow
1373,Lisa Kudrow_21.jpg,Lisa Kudrow
1374,Lisa Kudrow_59.jpg,Lisa Kudrow
1375,Lisa Kudrow_45.jpg,Lisa Kudrow
1376,Lisa Kudrow_41.jpg,Lisa Kudrow
1377,Lisa Kudrow_18.jpg,Lisa Kudrow
1378,Lisa Kudrow_22.jpg,Lisa Kudrow
1379,Lisa Kudrow_48.jpg,Lisa Kudrow
1380,Lisa Kudrow_12.jpg,Lisa Kudrow
1381,Lisa Kudrow_26.jpg,Lisa Kudrow
1382,Lisa Kudrow_67.jpg,Lisa Kudrow
1383,Lisa Kudrow_69.jpg,Lisa Kudrow
1384,Lisa Kudrow_8.jpg,Lisa Kudrow
1385,Lisa Kudrow_40.jpg,Lisa Kudrow
1386,Lisa Kudrow_66.jpg,Lisa Kudrow
1387,Lisa Kudrow_24.jpg,Lisa Kudrow
1388,Lisa Kudrow_46.jpg,Lisa Kudrow
1389,Lisa Kudrow_51.jpg,Lisa Kudrow
1390,Margot Robbie_39.jpg,Margot Robbie
1391,Margot Robbie_52.jpg,Margot Robbie
1392,Margot Robbie_44.jpg,Margot Robbie
1393,Margot Robbie_25.jpg,Margot Robbie
1394,Margot Robbie_26.jpg,Margot Robbie
1395,Margot Robbie_19.jpg,Margot Robbie
1396,Margot Robbie_33.jpg,Margot Robbie
1397,Margot Robbie_45.jpg,Margot Robbie
1398,Margot Robbie_37.jpg,Margot Robbie
1399,Margot Robbie_32.jpg,Margot Robbie
1400,Margot Robbie_28.jpg,Margot Robbie
1401,Margot Robbie_4.jpg,Margot Robbie
1402,Margot Robbie_8.jpg,Margot Robbie
1403,Margot Robbie_62.jpg,Margot Robbie
1404,Margot Robbie_68.jpg,Margot Robbie
1405,Margot Robbie_60.jpg,Margot Robbie
1406,Margot Robbie_51.jpg,Margot Robbie
1407,Margot Robbie_31.jpg,Margot Robbie
1408,Margot Robbie_43.jpg,Margot Robbie
1409,Margot Robbie_24.jpg,Margot Robbie
1410,Margot Robbie_11.jpg,Margot Robbie
1411,Margot Robbie_46.jpg,Margot Robbie
1412,Margot Robbie_7.jpg,Margot Robbie
1413,Margot Robbie_53.jpg,Margot Robbie
1414,Margot Robbie_1.jpg,Margot Robbie
1415,Margot Robbie_3.jpg,Margot Robbie
1416,Margot Robbie_5.jpg,Margot Robbie
1417,Margot Robbie_2.jpg,Margot Robbie
1418,Margot Robbie_34.jpg,Margot Robbie
1419,Margot Robbie_22.jpg,Margot Robbie
1420,Margot Robbie_6.jpg,Margot Robbie
1421,Margot Robbie_27.jpg,Margot Robbie
1422,Margot Robbie_49.jpg,Margot Robbie
1423,Margot Robbie_63.jpg,Margot Robbie
1424,Margot Robbie_64.jpg,Margot Robbie
1425,Margot Robbie_54.jpg,Margot Robbie
1426,Margot Robbie_59.jpg,Margot Robbie
1427,Margot Robbie_70.jpg,Margot Robbie
1428,Margot Robbie_12.jpg,Margot Robbie
1429,Margot Robbie_58.jpg,Margot Robbie
1430,Margot Robbie_48.jpg,Margot Robbie
1431,Margot Robbie_71.jpg,Margot Robbie
1432,Margot Robbie_69.jpg,Margot Robbie
1433,Margot Robbie_65.jpg,Margot Robbie
1434,Margot Robbie_36.jpg,Margot Robbie
1435,Margot Robbie_55.jpg,Margot Robbie
1436,Margot Robbie_67.jpg,Margot Robbie
1437,Margot Robbie_23.jpg,Margot Robbie
1438,Margot Robbie_66.jpg,Margot Robbie
1439,Margot Robbie_47.jpg,Margot Robbie
1440,Margot Robbie_20.jpg,Margot Robbie
1441,Margot Robbie_16.jpg,Margot Robbie
1442,Margot Robbie_17.jpg,Margot Robbie
1443,Margot Robbie_9.jpg,Margot Robbie
1444,Margot Robbie_50.jpg,Margot Robbie
1445,Margot Robbie_14.jpg,Margot Robbie
1446,Margot Robbie_30.jpg,Margot Robbie
1447,Marmik_25.jpg,Marmik
1448,Marmik_18.jpg,Marmik
1449,Marmik_8.jpg,Marmik
1450,Marmik_6.jpg,Marmik
1451,Marmik_9.jpg,Marmik
1452,Marmik_19.jpg,Marmik
1453,Marmik_0.jpg,Marmik
1454,Marmik_28.jpg,Marmik
1455,Marmik_12.jpg,Marmik
1456,Marmik_4.jpg,Marmik
1457,Marmik_14.jpg,Marmik
1458,Marmik_3.jpg,Marmik
1459,Marmik_22.jpg,Marmik
1460,Marmik_2.jpg,Marmik
1461,Marmik_29.jpg,Marmik
1462,Marmik_11.jpg,Marmik
1463,Marmik_10.jpg,Marmik
1464,Marmik_13.jpg,Marmik
1465,Marmik_27.jpg,Marmik
1466,Marmik_15.jpg,Marmik
1467,Marmik_20.jpg,Marmik
1468,Marmik_5.jpg,Marmik
1469,Marmik_7.jpg,Marmik
1470,Marmik_30.jpg,Marmik
1471,Marmik_31.jpg,Marmik
1472,Natalie Portman_95.jpg,Natalie Portman
1473,Natalie Portman_92.jpg,Natalie Portman
1474,Natalie Portman_54.jpg,Natalie Portman
1475,Natalie Portman_41.jpg,Natalie Portman
1476,Natalie Portman_94.jpg,Natalie Portman
1477,Natalie Portman_60.jpg,Natalie Portman
1478,Natalie Portman_9.jpg,Natalie Portman
1479,Natalie Portman_27.jpg,Natalie Portman
1480,Natalie Portman_84.jpg,Natalie Portman
1481,Natalie Portman_34.jpg,Natalie Portman
1482,Natalie Portman_1.jpg,Natalie Portman
1483,Natalie Portman_40.jpg,Natalie Portman
1484,Natalie Portman_59.jpg,Natalie Portman
1485,Natalie Portman_82.jpg,Natalie Portman
1486,Natalie Portman_12.jpg,Natalie Portman
1487,Natalie Portman_11.jpg,Natalie Portman
1488,Natalie Portman_19.jpg,Natalie Portman
1489,Natalie Portman_50.jpg,Natalie Portman
1490,Natalie Portman_3.jpg,Natalie Portman
1491,Natalie Portman_39.jpg,Natalie Portman
1492,Natalie Portman_47.jpg,Natalie Portman
1493,Natalie Portman_99.jpg,Natalie Portman
1494,Natalie Portman_10.jpg,Natalie Portman
1495,Natalie Portman_37.jpg,Natalie Portman
1496,Natalie Portman_8.jpg,Natalie Portman
1497,Natalie Portman_6.jpg,Natalie Portman
1498,Natalie Portman_79.jpg,Natalie Portman
1499,Natalie Portman_72.jpg,Natalie Portman
1500,Natalie Portman_29.jpg,Natalie Portman
1501,Natalie Portman_2.jpg,Natalie Portman
1502,Natalie Portman_58.jpg,Natalie Portman
1503,Natalie Portman_33.jpg,Natalie Portman
1504,Natalie Portman_86.jpg,Natalie Portman
1505,Natalie Portman_74.jpg,Natalie Portman
1506,Natalie Portman_96.jpg,Natalie Portman
1507,Natalie Portman_17.jpg,Natalie Portman
1508,Natalie Portman_26.jpg,Natalie Portman
1509,Natalie Portman_87.jpg,Natalie Portman
1510,Natalie Portman_57.jpg,Natalie Portman
1511,Natalie Portman_77.jpg,Natalie Portman
1512,Natalie Portman_80.jpg,Natalie Portman
1513,Natalie Portman_78.jpg,Natalie Portman
1514,Natalie Portman_81.jpg,Natalie Portman
1515,Natalie Portman_13.jpg,Natalie Portman
1516,Natalie Portman_32.jpg,Natalie Portman
1517,Natalie Portman_62.jpg,Natalie Portman
1518,Natalie Portman_64.jpg,Natalie Portman
1519,Natalie Portman_101.jpg,Natalie Portman
1520,Natalie Portman_25.jpg,Natalie Portman
1521,Natalie Portman_76.jpg,Natalie Portman
1522,Natalie Portman_71.jpg,Natalie Portman
1523,Natalie Portman_20.jpg,Natalie Portman
1524,Natalie Portman_91.jpg,Natalie Portman
1525,Natalie Portman_85.jpg,Natalie Portman
1526,Natalie Portman_55.jpg,Natalie Portman
1527,Natalie Portman_14.jpg,Natalie Portman
1528,Natalie Portman_98.jpg,Natalie Portman
1529,Natalie Portman_83.jpg,Natalie Portman
1530,Natalie Portman_4.jpg,Natalie Portman
1531,Natalie Portman_69.jpg,Natalie Portman
1532,Natalie Portman_103.jpg,Natalie Portman
1533,Natalie Portman_15.jpg,Natalie Portman
1534,Natalie Portman_48.jpg,Natalie Portman
1535,Natalie Portman_104.jpg,Natalie Portman
1536,Natalie Portman_49.jpg,Natalie Portman
1537,Natalie Portman_31.jpg,Natalie Portman
1538,Natalie Portman_65.jpg,Natalie Portman
1539,Natalie Portman_89.jpg,Natalie Portman
1540,Natalie Portman_70.jpg,Natalie Portman
1541,Natalie Portman_100.jpg,Natalie Portman
1542,Natalie Portman_7.jpg,Natalie Portman
1543,Natalie Portman_53.jpg,Natalie Portman
1544,Natalie Portman_0.jpg,Natalie Portman
1545,Natalie Portman_42.jpg,Natalie Portman
1546,Natalie Portman_56.jpg,Natalie Portman
1547,Natalie Portman_66.jpg,Natalie Portman
1548,Natalie Portman_36.jpg,Natalie Portman
1549,Natalie Portman_35.jpg,Natalie Portman
1550,Natalie Portman_22.jpg,Natalie Portman
1551,Natalie Portman_43.jpg,Natalie Portman
1552,Natalie Portman_63.jpg,Natalie Portman
1553,Natalie Portman_16.jpg,Natalie Portman
1554,Natalie Portman_93.jpg,Natalie Portman
1555,Natalie Portman_90.jpg,Natalie Portman
1556,Priyanka Chopra_95.jpg,Priyanka Chopra
1557,Priyanka Chopra_43.jpg,Priyanka Chopra
1558,Priyanka Chopra_4.jpg,Priyanka Chopra
1559,Priyanka Chopra_99.jpg,Priyanka Chopra
1560,Priyanka Chopra_39.jpg,Priyanka Chopra
1561,Priyanka Chopra_55.jpg,Priyanka Chopra
1562,Priyanka Chopra_89.jpg,Priyanka Chopra
1563,Priyanka Chopra_87.jpg,Priyanka Chopra
1564,Priyanka Chopra_25.jpg,Priyanka Chopra
1565,Priyanka Chopra_65.jpg,Priyanka Chopra
1566,Priyanka Chopra_33.jpg,Priyanka Chopra
1567,Priyanka Chopra_3.jpg,Priyanka Chopra
1568,Priyanka Chopra_9.jpg,Priyanka Chopra
1569,Priyanka Chopra_49.jpg,Priyanka Chopra
1570,Priyanka Chopra_94.jpg,Priyanka Chopra
1571,Priyanka Chopra_47.jpg,Priyanka Chopra
1572,Priyanka Chopra_34.jpg,Priyanka Chopra
1573,Priyanka Chopra_59.jpg,Priyanka Chopra
1574,Priyanka Chopra_8.jpg,Priyanka Chopra
1575,Priyanka Chopra_73.jpg,Priyanka Chopra
1576,Priyanka Chopra_78.jpg,Priyanka Chopra
1577,Priyanka Chopra_100.jpg,Priyanka Chopra
1578,Priyanka Chopra_50.jpg,Priyanka Chopra
1579,Priyanka Chopra_81.jpg,Priyanka Chopra
1580,Priyanka Chopra_92.jpg,Priyanka Chopra
1581,Priyanka Chopra_58.jpg,Priyanka Chopra
1582,Priyanka Chopra_74.jpg,Priyanka Chopra
1583,Priyanka Chopra_31.jpg,Priyanka Chopra
1584,Priyanka Chopra_98.jpg,Priyanka Chopra
1585,Priyanka Chopra_18.jpg,Priyanka Chopra
1586,Priyanka Chopra_62.jpg,Priyanka Chopra
1587,Priyanka Chopra_6.jpg,Priyanka Chopra
1588,Priyanka Chopra_14.jpg,Priyanka Chopra
1589,Priyanka Chopra_46.jpg,Priyanka Chopra
1590,Priyanka Chopra_52.jpg,Priyanka Chopra
1591,Priyanka Chopra_91.jpg,Priyanka Chopra
1592,Priyanka Chopra_28.jpg,Priyanka Chopra
1593,Priyanka Chopra_48.jpg,Priyanka Chopra
1594,Priyanka Chopra_85.jpg,Priyanka Chopra
1595,Priyanka Chopra_13.jpg,Priyanka Chopra
1596,Priyanka Chopra_60.jpg,Priyanka Chopra
1597,Priyanka Chopra_80.jpg,Priyanka Chopra
1598,Priyanka Chopra_68.jpg,Priyanka Chopra
1599,Priyanka Chopra_19.jpg,Priyanka Chopra
1600,Priyanka Chopra_71.jpg,Priyanka Chopra
1601,Priyanka Chopra_42.jpg,Priyanka Chopra
1602,Priyanka Chopra_56.jpg,Priyanka Chopra
1603,Priyanka Chopra_24.jpg,Priyanka Chopra
1604,Priyanka Chopra_11.jpg,Priyanka Chopra
1605,Priyanka Chopra_12.jpg,Priyanka Chopra
1606,Priyanka Chopra_26.jpg,Priyanka Chopra
1607,Priyanka Chopra_84.jpg,Priyanka Chopra
1608,Priyanka Chopra_30.jpg,Priyanka Chopra
1609,Priyanka Chopra_29.jpg,Priyanka Chopra
1610,Priyanka Chopra_83.jpg,Priyanka Chopra
1611,Priyanka Chopra_79.jpg,Priyanka Chopra
1612,Priyanka Chopra_57.jpg,Priyanka Chopra
1613,Priyanka Chopra_44.jpg,Priyanka Chopra
1614,Priyanka Chopra_15.jpg,Priyanka Chopra
1615,Priyanka Chopra_5.jpg,Priyanka Chopra
1616,Priyanka Chopra_7.jpg,Priyanka Chopra
1617,Priyanka Chopra_45.jpg,Priyanka Chopra
1618,Priyanka Chopra_101.jpg,Priyanka Chopra
1619,Priyanka Chopra_63.jpg,Priyanka Chopra
1620,Priyanka Chopra_40.jpg,Priyanka Chopra
1621,Priyanka Chopra_61.jpg,Priyanka Chopra
1622,Priyanka Chopra_27.jpg,Priyanka Chopra
1623,Priyanka Chopra_2.jpg,Priyanka Chopra
1624,Priyanka Chopra_51.jpg,Priyanka Chopra
1625,Priyanka Chopra_22.jpg,Priyanka Chopra
1626,Priyanka Chopra_66.jpg,Priyanka Chopra
1627,Priyanka Chopra_1.jpg,Priyanka Chopra
1628,Priyanka Chopra_37.jpg,Priyanka Chopra
1629,Priyanka Chopra_82.jpg,Priyanka Chopra
1630,Priyanka Chopra_32.jpg,Priyanka Chopra
1631,Priyanka Chopra_21.jpg,Priyanka Chopra
1632,Priyanka Chopra_70.jpg,Priyanka Chopra
1633,Priyanka Chopra_0.jpg,Priyanka Chopra
1634,Priyanka Chopra_77.jpg,Priyanka Chopra
1635,Priyanka Chopra_35.jpg,Priyanka Chopra
1636,Priyanka Chopra_69.jpg,Priyanka Chopra
1637,Robert Downey Jr_29.jpg,Robert Downey Jr
1638,Robert Downey Jr_45.jpg,Robert Downey Jr
1639,Robert Downey Jr_30.jpg,Robert Downey Jr
1640,Robert Downey Jr_98.jpg,Robert Downey Jr
1641,Robert Downey Jr_58.jpg,Robert Downey Jr
1642,Robert Downey Jr_105.jpg,Robert Downey Jr
1643,Robert Downey Jr_48.jpg,Robert Downey Jr
1644,Robert Downey Jr_5.jpg,Robert Downey Jr
1645,Robert Downey Jr_93.jpg,Robert Downey Jr
1646,Robert Downey Jr_27.jpg,Robert Downey Jr
1647,Robert Downey Jr_63.jpg,Robert Downey Jr
1648,Robert Downey Jr_88.jpg,Robert Downey Jr
1649,Robert Downey Jr_92.jpg,Robert Downey Jr
1650,Robert Downey Jr_108.jpg,Robert Downey Jr
1651,Robert Downey Jr_97.jpg,Robert Downey Jr
1652,Robert Downey Jr_33.jpg,Robert Downey Jr
1653,Robert Downey Jr_3.jpg,Robert Downey Jr
1654,Robert Downey Jr_25.jpg,Robert Downey Jr
1655,Robert Downey Jr_91.jpg,Robert Downey Jr
1656,Robert Downey Jr_50.jpg,Robert Downey Jr
1657,Robert Downey Jr_111.jpg,Robert Downey Jr
1658,Robert Downey Jr_32.jpg,Robert Downey Jr
1659,Robert Downey Jr_102.jpg,Robert Downey Jr
1660,Robert Downey Jr_52.jpg,Robert Downey Jr
1661,Robert Downey Jr_37.jpg,Robert Downey Jr
1662,Robert Downey Jr_73.jpg,Robert Downey Jr
1663,Robert Downey Jr_54.jpg,Robert Downey Jr
1664,Robert Downey Jr_109.jpg,Robert Downey Jr
1665,Robert Downey Jr_15.jpg,Robert Downey Jr
1666,Robert Downey Jr_59.jpg,Robert Downey Jr
1667,Robert Downey Jr_13.jpg,Robert Downey Jr
1668,Robert Downey Jr_1.jpg,Robert Downey Jr
1669,Robert Downey Jr_82.jpg,Robert Downey Jr
1670,Robert Downey Jr_94.jpg,Robert Downey Jr
1671,Robert Downey Jr_47.jpg,Robert Downey Jr
1672,Robert Downey Jr_11.jpg,Robert Downey Jr
1673,Robert Downey Jr_26.jpg,Robert Downey Jr
1674,Robert Downey Jr_100.jpg,Robert Downey Jr
1675,Robert Downey Jr_36.jpg,Robert Downey Jr
1676,Robert Downey Jr_87.jpg,Robert Downey Jr
1677,Robert Downey Jr_41.jpg,Robert Downey Jr
1678,Robert Downey Jr_8.jpg,Robert Downey Jr
1679,Robert Downey Jr_80.jpg,Robert Downey Jr
1680,Robert Downey Jr_49.jpg,Robert Downey Jr
1681,Robert Downey Jr_70.jpg,Robert Downey Jr
1682,Robert Downey Jr_28.jpg,Robert Downey Jr
1683,Robert Downey Jr_55.jpg,Robert Downey Jr
1684,Robert Downey Jr_34.jpg,Robert Downey Jr
1685,Robert Downey Jr_72.jpg,Robert Downey Jr
1686,Robert Downey Jr_85.jpg,Robert Downey Jr
1687,Robert Downey Jr_6.jpg,Robert Downey Jr
1688,Robert Downey Jr_42.jpg,Robert Downey Jr
1689,Robert Downey Jr_31.jpg,Robert Downey Jr
1690,Robert Downey Jr_79.jpg,Robert Downey Jr
1691,Robert Downey Jr_22.jpg,Robert Downey Jr
1692,Robert Downey Jr_68.jpg,Robert Downey Jr
1693,Robert Downey Jr_2.jpg,Robert Downey Jr
1694,Robert Downey Jr_106.jpg,Robert Downey Jr
1695,Robert Downey Jr_66.jpg,Robert Downey Jr
1696,Robert Downey Jr_107.jpg,Robert Downey Jr
1697,Robert Downey Jr_21.jpg,Robert Downey Jr
1698,Robert Downey Jr_61.jpg,Robert Downey Jr
1699,Robert Downey Jr_38.jpg,Robert Downey Jr
1700,Robert Downey Jr_23.jpg,Robert Downey Jr
1701,Robert Downey Jr_99.jpg,Robert Downey Jr
1702,Robert Downey Jr_96.jpg,Robert Downey Jr
1703,Robert Downey Jr_110.jpg,Robert Downey Jr
1704,Robert Downey Jr_78.jpg,Robert Downey Jr
1705,Robert Downey Jr_17.jpg,Robert Downey Jr
1706,Robert Downey Jr_71.jpg,Robert Downey Jr
1707,Robert Downey Jr_69.jpg,Robert Downey Jr
1708,Robert Downey Jr_20.jpg,Robert Downey Jr
1709,Robert Downey Jr_112.jpg,Robert Downey Jr
1710,Robert Downey Jr_57.jpg,Robert Downey Jr
1711,Robert Downey Jr_77.jpg,Robert Downey Jr
1712,Robert Downey Jr_83.jpg,Robert Downey Jr
1713,Robert Downey Jr_103.jpg,Robert Downey Jr
1714,Robert Downey Jr_101.jpg,Robert Downey Jr
1715,Robert Downey Jr_75.jpg,Robert Downey Jr
1716,Robert Downey Jr_62.jpg,Robert Downey Jr
1717,Robert Downey Jr_86.jpg,Robert Downey Jr
1718,Robert Downey Jr_65.jpg,Robert Downey Jr
1719,Robert Downey Jr_104.jpg,Robert Downey Jr
1720,Robert Downey Jr_51.jpg,Robert Downey Jr
1721,Robert Downey Jr_35.jpg,Robert Downey Jr
1722,Robert Downey Jr_10.jpg,Robert Downey Jr
1723,Robert Downey Jr_4.jpg,Robert Downey Jr
1724,Robert Downey Jr_24.jpg,Robert Downey Jr
1725,Robert Downey Jr_56.jpg,Robert Downey Jr
1726,Robert Downey Jr_67.jpg,Robert Downey Jr
1727,Roger Federer_13.jpg,Roger Federer
1728,Roger Federer_55.jpg,Roger Federer
1729,Roger Federer_57.jpg,Roger Federer
1730,Roger Federer_9.jpg,Roger Federer
1731,Roger Federer_17.jpg,Roger Federer
1732,Roger Federer_63.jpg,Roger Federer
1733,Roger Federer_40.jpg,Roger Federer
1734,Roger Federer_69.jpg,Roger Federer
1735,Roger Federer_26.jpg,Roger Federer
1736,Roger Federer_14.jpg,Roger Federer
1737,Roger Federer_25.jpg,Roger Federer
1738,Roger Federer_33.jpg,Roger Federer
1739,Roger Federer_53.jpg,Roger Federer
1740,Roger Federer_22.jpg,Roger Federer
1741,Roger Federer_46.jpg,Roger Federer
1742,Roger Federer_76.jpg,Roger Federer
1743,Roger Federer_11.jpg,Roger Federer
1744,Roger Federer_10.jpg,Roger Federer
1745,Roger Federer_60.jpg,Roger Federer
1746,Roger Federer_35.jpg,Roger Federer
1747,Roger Federer_42.jpg,Roger Federer
1748,Roger Federer_62.jpg,Roger Federer
1749,Roger Federer_5.jpg,Roger Federer
1750,Roger Federer_16.jpg,Roger Federer
1751,Roger Federer_23.jpg,Roger Federer
1752,Roger Federer_4.jpg,Roger Federer
1753,Roger Federer_71.jpg,Roger Federer
1754,Roger Federer_47.jpg,Roger Federer
1755,Roger Federer_54.jpg,Roger Federer
1756,Roger Federer_52.jpg,Roger Federer
1757,Roger Federer_3.jpg,Roger Federer
1758,Roger Federer_64.jpg,Roger Federer
1759,Roger Federer_74.jpg,Roger Federer
1760,Roger Federer_37.jpg,Roger Federer
1761,Roger Federer_66.jpg,Roger Federer
1762,Roger Federer_7.jpg,Roger Federer
1763,Roger Federer_56.jpg,Roger Federer
1764,Roger Federer_70.jpg,Roger Federer
1765,Roger Federer_49.jpg,Roger Federer
1766,Roger Federer_2.jpg,Roger Federer
1767,Roger Federer_72.jpg,Roger Federer
1768,Roger Federer_32.jpg,Roger Federer
1769,Roger Federer_67.jpg,Roger Federer
1770,Roger Federer_50.jpg,Roger Federer
1771,Roger Federer_65.jpg,Roger Federer
1772,Roger Federer_38.jpg,Roger Federer
1773,Roger Federer_61.jpg,Roger Federer
1774,Roger Federer_48.jpg,Roger Federer
1775,Roger Federer_41.jpg,Roger Federer
1776,Roger Federer_12.jpg,Roger Federer
1777,Roger Federer_15.jpg,Roger Federer
1778,Roger Federer_44.jpg,Roger Federer
1779,Roger Federer_45.jpg,Roger Federer
1780,Roger Federer_36.jpg,Roger Federer
1781,Roger Federer_28.jpg,Roger Federer
1782,Roger Federer_20.jpg,Roger Federer
1783,Roger Federer_68.jpg,Roger Federer
1784,Roger Federer_31.jpg,Roger Federer
1785,Roger Federer_0.jpg,Roger Federer
1786,Roger Federer_58.jpg,Roger Federer
1787,Roger Federer_75.jpg,Roger Federer
1788,Tom Cruise_3.jpg,Tom Cruise
1789,Tom Cruise_16.jpg,Tom Cruise
1790,Tom Cruise_57.jpg,Tom Cruise
1791,Tom Cruise_13.jpg,Tom Cruise
1792,Tom Cruise_4.jpg,Tom Cruise
1793,Tom Cruise_40.jpg,Tom Cruise
1794,Tom Cruise_10.jpg,Tom Cruise
1795,Tom Cruise_24.jpg,Tom Cruise
1796,Tom Cruise_23.jpg,Tom Cruise
1797,Tom Cruise_12.jpg,Tom Cruise
1798,Tom Cruise_5.jpg,Tom Cruise
1799,Tom Cruise_1.jpg,Tom Cruise
1800,Tom Cruise_35.jpg,Tom Cruise
1801,Tom Cruise_49.jpg,Tom Cruise
1802,Tom Cruise_30.jpg,Tom Cruise
1803,Tom Cruise_15.jpg,Tom Cruise
1804,Tom Cruise_37.jpg,Tom Cruise
1805,Tom Cruise_41.jpg,Tom Cruise
1806,Tom Cruise_34.jpg,Tom Cruise
1807,Tom Cruise_39.jpg,Tom Cruise
1808,Tom Cruise_14.jpg,Tom Cruise
1809,Tom Cruise_51.jpg,Tom Cruise
1810,Tom Cruise_53.jpg,Tom Cruise
1811,Tom Cruise_0.jpg,Tom Cruise
1812,Tom Cruise_20.jpg,Tom Cruise
1813,Tom Cruise_6.jpg,Tom Cruise
1814,Tom Cruise_43.jpg,Tom Cruise
1815,Tom Cruise_56.jpg,Tom Cruise
1816,Tom Cruise_36.jpg,Tom Cruise
1817,Tom Cruise_11.jpg,Tom Cruise
1818,Tom Cruise_33.jpg,Tom Cruise
1819,Tom Cruise_55.jpg,Tom Cruise
1820,Tom Cruise_47.jpg,Tom Cruise
1821,Tom Cruise_17.jpg,Tom Cruise
1822,Tom Cruise_28.jpg,Tom Cruise
1823,Tom Cruise_9.jpg,Tom Cruise
1824,Tom Cruise_27.jpg,Tom Cruise
1825,Tom Cruise_2.jpg,Tom Cruise
1826,Tom Cruise_45.jpg,Tom Cruise
1827,Tom Cruise_7.jpg,Tom Cruise
1828,Tom Cruise_22.jpg,Tom Cruise
1829,Tom Cruise_19.jpg,Tom Cruise
1830,Tom Cruise_21.jpg,Tom Cruise
1831,Tom Cruise_25.jpg,Tom Cruise
1832,Tom Cruise_38.jpg,Tom Cruise
1833,Tom Cruise_48.jpg,Tom Cruise
1834,Vijay Deverakonda_57.jpg,Vijay Deverakonda
1835,Vijay Deverakonda_49.jpg,Vijay Deverakonda
1836,Vijay Deverakonda_3.jpg,Vijay Deverakonda
1837,Vijay Deverakonda_28.jpg,Vijay Deverakonda
1838,Vijay Deverakonda_82.jpg,Vijay Deverakonda
1839,Vijay Deverakonda_38.jpg,Vijay Deverakonda
1840,Vijay Deverakonda_6.jpg,Vijay Deverakonda
1841,Vijay Deverakonda_85.jpg,Vijay Deverakonda
1842,Vijay Deverakonda_48.jpg,Vijay Deverakonda
1843,Vijay Deverakonda_59.jpg,Vijay Deverakonda
1844,Vijay Deverakonda_23.jpg,Vijay Deverakonda
1845,Vijay Deverakonda_29.jpg,Vijay Deverakonda
1846,Vijay Deverakonda_4.jpg,Vijay Deverakonda
1847,Vijay Deverakonda_71.jpg,Vijay Deverakonda
1848,Vijay Deverakonda_76.jpg,Vijay Deverakonda
1849,Vijay Deverakonda_8.jpg,Vijay Deverakonda
1850,Vijay Deverakonda_77.jpg,Vijay Deverakonda
1851,Vijay Deverakonda_70.jpg,Vijay Deverakonda
1852,Vijay Deverakonda_5.jpg,Vijay Deverakonda
1853,Vijay Deverakonda_51.jpg,Vijay Deverakonda
1854,Vijay Deverakonda_16.jpg,Vijay Deverakonda
1855,Vijay Deverakonda_96.jpg,Vijay Deverakonda
1856,Vijay Deverakonda_40.jpg,Vijay Deverakonda
1857,Vijay Deverakonda_80.jpg,Vijay Deverakonda
1858,Vijay Deverakonda_83.jpg,Vijay Deverakonda
1859,Vijay Deverakonda_87.jpg,Vijay Deverakonda
1860,Vijay Deverakonda_11.jpg,Vijay Deverakonda
1861,Vijay Deverakonda_68.jpg,Vijay Deverakonda
1862,Vijay Deverakonda_21.jpg,Vijay Deverakonda
1863,Vijay Deverakonda_7.jpg,Vijay Deverakonda
1864,Vijay Deverakonda_2.jpg,Vijay Deverakonda
1865,Vijay Deverakonda_27.jpg,Vijay Deverakonda
1866,Vijay Deverakonda_42.jpg,Vijay Deverakonda
1867,Vijay Deverakonda_45.jpg,Vijay Deverakonda
1868,Vijay Deverakonda_111.jpg,Vijay Deverakonda
1869,Vijay Deverakonda_9.jpg,Vijay Deverakonda
1870,Vijay Deverakonda_19.jpg,Vijay Deverakonda
1871,Vijay Deverakonda_41.jpg,Vijay Deverakonda
1872,Vijay Deverakonda_50.jpg,Vijay Deverakonda
1873,Vijay Deverakonda_108.jpg,Vijay Deverakonda
1874,Vijay Deverakonda_102.jpg,Vijay Deverakonda
1875,Vijay Deverakonda_39.jpg,Vijay Deverakonda
1876,Vijay Deverakonda_103.jpg,Vijay Deverakonda
1877,Vijay Deverakonda_69.jpg,Vijay Deverakonda
1878,Vijay Deverakonda_93.jpg,Vijay Deverakonda
1879,Vijay Deverakonda_72.jpg,Vijay Deverakonda
1880,Vijay Deverakonda_67.jpg,Vijay Deverakonda
1881,Vijay Deverakonda_109.jpg,Vijay Deverakonda
1882,Vijay Deverakonda_54.jpg,Vijay Deverakonda
1883,Vijay Deverakonda_78.jpg,Vijay Deverakonda
1884,Vijay Deverakonda_75.jpg,Vijay Deverakonda
1885,Vijay Deverakonda_18.jpg,Vijay Deverakonda
1886,Vijay Deverakonda_56.jpg,Vijay Deverakonda
1887,Vijay Deverakonda_105.jpg,Vijay Deverakonda
1888,Vijay Deverakonda_30.jpg,Vijay Deverakonda
1889,Vijay Deverakonda_47.jpg,Vijay Deverakonda
1890,Vijay Deverakonda_35.jpg,Vijay Deverakonda
1891,Vijay Deverakonda_104.jpg,Vijay Deverakonda
1892,Vijay Deverakonda_110.jpg,Vijay Deverakonda
1893,Vijay Deverakonda_46.jpg,Vijay Deverakonda
1894,Vijay Deverakonda_113.jpg,Vijay Deverakonda
1895,Vijay Deverakonda_95.jpg,Vijay Deverakonda
1896,Vijay Deverakonda_90.jpg,Vijay Deverakonda
1897,Vijay Deverakonda_65.jpg,Vijay Deverakonda
1898,Vijay Deverakonda_26.jpg,Vijay Deverakonda
1899,Vijay Deverakonda_13.jpg,Vijay Deverakonda
1900,Vijay Deverakonda_94.jpg,Vijay Deverakonda
1901,Vijay Deverakonda_44.jpg,Vijay Deverakonda
1902,Vijay Deverakonda_61.jpg,Vijay Deverakonda
1903,Vijay Deverakonda_64.jpg,Vijay Deverakonda
1904,Vijay Deverakonda_31.jpg,Vijay Deverakonda
1905,Vijay Deverakonda_92.jpg,Vijay Deverakonda
1906,Vijay Deverakonda_106.jpg,Vijay Deverakonda
1907,Vijay Deverakonda_58.jpg,Vijay Deverakonda
1908,Vijay Deverakonda_22.jpg,Vijay Deverakonda
1909,Vijay Deverakonda_81.jpg,Vijay Deverakonda
1910,Vijay Deverakonda_1.jpg,Vijay Deverakonda
1911,Vijay Deverakonda_97.jpg,Vijay Deverakonda
1912,Vijay Deverakonda_10.jpg,Vijay Deverakonda
1913,Vijay Deverakonda_37.jpg,Vijay Deverakonda
1914,Vijay Deverakonda_84.jpg,Vijay Deverakonda
1915,Vijay Deverakonda_99.jpg,Vijay Deverakonda
1916,Vijay Deverakonda_86.jpg,Vijay Deverakonda
1917,Vijay Deverakonda_112.jpg,Vijay Deverakonda
1918,Vijay Deverakonda_20.jpg,Vijay Deverakonda
1919,Vijay Deverakonda_55.jpg,Vijay Deverakonda
1920,Vijay Deverakonda_24.jpg,Vijay Deverakonda
1921,Vijay Deverakonda_107.jpg,Vijay Deverakonda
1922,Vijay Deverakonda_74.jpg,Vijay Deverakonda
1923,Vijay Deverakonda_66.jpg,Vijay Deverakonda
1924,Vijay Deverakonda_12.jpg,Vijay Deverakonda
1925,Vijay Deverakonda_73.jpg,Vijay Deverakonda
1926,Virat Kohli_21.jpg,Virat Kohli
1927,Virat Kohli_36.jpg,Virat Kohli
1928,Virat Kohli_3.jpg,Virat Kohli
1929,Virat Kohli_30.jpg,Virat Kohli
1930,Virat Kohli_19.jpg,Virat Kohli
1931,Virat Kohli_14.jpg,Virat Kohli
1932,Virat Kohli_33.jpg,Virat Kohli
1933,Virat Kohli_15.jpg,Virat Kohli
1934,Virat Kohli_43.jpg,Virat Kohli
1935,Virat Kohli_11.jpg,Virat Kohli
1936,Virat Kohli_25.jpg,Virat Kohli
1937,Virat Kohli_37.jpg,Virat Kohli
1938,Virat Kohli_1.jpg,Virat Kohli
1939,Virat Kohli_47.jpg,Virat Kohli
1940,Virat Kohli_27.jpg,Virat Kohli
1941,Virat Kohli_10.jpg,Virat Kohli
1942,Virat Kohli_2.jpg,Virat Kohli
1943,Virat Kohli_35.jpg,Virat Kohli
1944,Virat Kohli_8.jpg,Virat Kohli
1945,Virat Kohli_28.jpg,Virat Kohli
1946,Virat Kohli_23.jpg,Virat Kohli
1947,Virat Kohli_18.jpg,Virat Kohli
1948,Virat Kohli_4.jpg,Virat Kohli
1949,Virat Kohli_5.jpg,Virat Kohli
1950,Virat Kohli_46.jpg,Virat Kohli
1951,Virat Kohli_6.jpg,Virat Kohli
1952,Virat Kohli_26.jpg,Virat Kohli
1953,Virat Kohli_45.jpg,Virat Kohli
1954,Virat Kohli_24.jpg,Virat Kohli
1955,Virat Kohli_9.jpg,Virat Kohli
1956,Virat Kohli_41.jpg,Virat Kohli
1957,Virat Kohli_22.jpg,Virat Kohli
1958,Virat Kohli_16.jpg,Virat Kohli
1959,Virat Kohli_40.jpg,Virat Kohli
1960,Virat Kohli_38.jpg,Virat Kohli
1961,Virat Kohli_13.jpg,Virat Kohli
1962,Virat Kohli_7.jpg,Virat Kohli
1963,Virat Kohli_20.jpg,Virat Kohli
1964,Virat Kohli_44.jpg,Virat Kohli
1965,Zac Efron_67.jpg,Zac Efron
1966,Zac Efron_89.jpg,Zac Efron
1967,Zac Efron_11.jpg,Zac Efron
1968,Zac Efron_66.jpg,Zac Efron
1969,Zac Efron_23.jpg,Zac Efron
1970,Zac Efron_30.jpg,Zac Efron
1971,Zac Efron_58.jpg,Zac Efron
1972,Zac Efron_46.jpg,Zac Efron
1973,Zac Efron_62.jpg,Zac Efron
1974,Zac Efron_76.jpg,Zac Efron
1975,Zac Efron_38.jpg,Zac Efron
1976,Zac Efron_56.jpg,Zac Efron
1977,Zac Efron_40.jpg,Zac Efron
1978,Zac Efron_81.jpg,Zac Efron
1979,Zac Efron_1.jpg,Zac Efron
1980,Zac Efron_7.jpg,Zac Efron
1981,Zac Efron_35.jpg,Zac Efron
1982,Zac Efron_53.jpg,Zac Efron
1983,Zac Efron_61.jpg,Zac Efron
1984,Zac Efron_19.jpg,Zac Efron
1985,Zac Efron_87.jpg,Zac Efron
1986,Zac Efron_39.jpg,Zac Efron
1987,Zac Efron_57.jpg,Zac Efron
1988,Zac Efron_51.jpg,Zac Efron
1989,Zac Efron_70.jpg,Zac Efron
1990,Zac Efron_55.jpg,Zac Efron
1991,Zac Efron_31.jpg,Zac Efron
1992,Zac Efron_71.jpg,Zac Efron
1993,Zac Efron_6.jpg,Zac Efron
1994,Zac Efron_10.jpg,Zac Efron
1995,Zac Efron_41.jpg,Zac Efron
1996,Zac Efron_8.jpg,Zac Efron
1997,Zac Efron_33.jpg,Zac Efron
1998,Zac Efron_60.jpg,Zac Efron
1999,Zac Efron_79.jpg,Zac Efron
2000,Zac Efron_49.jpg,Zac Efron
2001,Zac Efron_86.jpg,Zac Efron
2002,Zac Efron_44.jpg,Zac Efron
2003,Zac Efron_69.jpg,Zac Efron
2004,Zac Efron_73.jpg,Zac Efron
2005,Zac Efron_48.jpg,Zac Efron
2006,Zac Efron_52.jpg,Zac Efron
2007,Zac Efron_74.jpg,Zac Efron
2008,Zac Efron_4.jpg,Zac Efron
2009,Zac Efron_18.jpg,Zac Efron
2010,Zac Efron_72.jpg,Zac Efron
2011,Zac Efron_3.jpg,Zac Efron
2012,Zac Efron_32.jpg,Zac Efron
2013,Zac Efron_36.jpg,Zac Efron
2014,Zac Efron_13.jpg,Zac Efron
2015,Zac Efron_34.jpg,Zac Efron
2016,Zac Efron_37.jpg,Zac Efron
2017,Zac Efron_42.jpg,Zac Efron
2018,Zac Efron_29.jpg,Zac Efron
2019,Zac Efron_84.jpg,Zac Efron
2020,Zac Efron_83.jpg,Zac Efron
2021,Zac Efron_26.jpg,Zac Efron
2022,Zac Efron_80.jpg,Zac Efron
2023,Zac Efron_47.jpg,Zac Efron
2024,Zac Efron_88.jpg,Zac Efron
2025,Zac Efron_54.jpg,Zac Efron
2026,Zac Efron_15.jpg,Zac Efron
2027,Zac Efron_63.jpg,Zac Efron
2028,Zac Efron_24.jpg,Zac Efron
2029,Zac Efron_90.jpg,Zac Efron
2030,Zac Efron_27.jpg,Zac Efron
2031,Zac Efron_59.jpg,Zac Efron
2032,Zac Efron_25.jpg,Zac Efron
2033,Zac Efron_28.jpg,Zac Efron
2034,Zac Efron_14.jpg,Zac Efron
2035,Zac Efron_77.jpg,Zac Efron
2036,Zac Efron_2.jpg,Zac Efron
